1-А,1-Б,2-А,2-Б,2-В,2-Г,3-А,3-Б,3-В,3-Г,4-А,5-А,5-Б,6-А,6-Б,7-А,7-Б,7-В,8-А,8-Б,8-В,8-Г,9-А,10-А,11-А,11-Б,11-В,year
year,5-Б,3-Б,8-А,2-Г,7-Б,1-Б,3-Г,3-А,2-В,6-Б,6-А,8-Б,8-Г,11-А,2-А,7-А,5-А,2-Б,10-А,11-Б,8-В,4-А,7-В,3-В,1-А,9-А,11-В
year,5-Б,3-Б,8-А,2-Г,7-Б,1-Б,3-Г,3-А,2-В,6-Б,6-А,8-Б,8-Г,11-А,2-А,7-А,5-А,2-Б,10-А,11-Б,8-В,4-А,7-В,3-В,1-А,9-А,11-В
year,5-Б,3-Б,8-А,2-Г,7-Б,1-Б,3-Г,3-А,2-В,6-Б,6-А,8-Б,8-Г,11-А,2-А,7-А,5-А,2-Б,10-А,11-Б,8-В,4-А,7-В,3-В,1-А,9-А,11-В
year,5-Б,3-Б,8-А,2-Г,7-Б,1-Б,3-Г,3-А,2-В,6-Б,6-А,8-Б,8-Г,11-А,2-А,7-А,5-А,2-Б,10-А,11-Б,8-В,4-А,7-В,3-В,1-А,9-А,11-В
year,5-Б,3-Б,8-А,2-Г,7-Б,1-Б,3-Г,3-А,2-В,6-Б,6-А,8-Б,8-Г,11-А,2-А,7-А,5-А,2-Б,10-А,11-Б,8-В,4-А,7-В,3-В,1-А,9-А,11-В
year,5-Б,3-Б,8-А,2-Г,7-Б,1-Б,3-Г,3-А,2-В,6-Б,6-А,8-Б,8-Г,11-А,2-А,7-А,5-А,2-Б,10-А,11-Б,8-В,4-А,7-В,3-В,1-А,9-А,11-В
year,5-Б,3-Б,8-А,2-Г,7-Б,1-Б,3-Г,3-А,2-В,6-Б,6-А,8-Б,8-Г,11-А,2-А,7-А,5-А,2-Б,10-А,11-Б,8-В,4-А,7-В,3-В,1-А,9-А,11-В
year,5-Б,3-Б,8-А,2-Г,7-Б,1-Б,3-Г,3-А,2-В,6-Б,6-А,8-Б,8-Г,11-А,2-А,7-А,5-А,2-Б,10-А,11-Б,8-В,4-А,7-В,3-В,1-А,9-А,11-В
year,5-Б,3-Б,8-А,2-Г,7-Б,1-Б,3-Г,3-А,2-В,6-Б,6-А,8-Б,8-Г,11-А,2-А,7-А,5-А,2-Б,10-А,11-Б,8-В,4-А,7-В,3-В,1-А,9-А,11-В
year,5-Б,3-Б,8-А,2-Г,7-Б,1-Б,3-Г,3-А,2-В,6-Б,6-А,8-Б,8-Г,11-А,2-А,7-А,5-А,2-Б,10-А,11-Б,8-В,4-А,7-В,3-В,1-А,9-А,11-В
year,5-Б,3-Б,8-А,2-Г,7-Б,1-Б,3-Г,3-А,2-В,6-Б,6-А,8-Б,8-Г,11-А,2-А,7-А,5-А,2-Б,10-А,11-Б,8-В,4-А,7-В,3-В,1-А,9-А,11-В
year,5-Б,3-Б,8-А,2-Г,7-Б,1-Б,3-Г,3-А,2-В,6-Б,6-А,8-Б,8-Г,11-А,2-А,7-А,5-А,2-Б,10-А,11-Б,8-В,4-А,7-В,3-В,1-А,9-А,11-В
year,5-Б,3-Б,8-А,2-Г,7-Б,1-Б,3-Г,3-А,2-В,6-Б,6-А,8-Б,8-Г,11-А,2-А,7-А,5-А,2-Б,10-А,11-Б,8-В,4-А,7-В,3-В,1-А,9-А,11-В
year,5-Б,3-Б,8-А,2-Г,7-Б,1-Б,3-Г,3-А,2-В,6-Б,6-А,8-Б,8-Г,11-А,2-А,7-А,5-А,2-Б,10-А,11-Б,8-В,4-А,7-В,3-В,1-А,9-А,11-В
year,5-Б,3-Б,8-А,2-Г,7-Б,1-Б,3-Г,3-А,2-В,6-Б,6-А,8-Б,8-Г,11-А,2-А,7-А,5-А,2-Б,10-А,11-Б,8-В,4-А,7-В,3-В,1-А,9-А,11-В
year,5-Б,3-Б,8-А,2-Г,7-Б,1-Б,3-Г,3-А,2-В,6-Б,6-А,8-Б,8-Г,11-А,2-А,7-А,5-А,2-Б,10-А,11-Б,8-В,4-А,7-В,3-В,1-А,9-А,11-В
year,5-Б,3-Б,8-А,2-Г,7-Б,1-Б,3-Г,3-А,2-В,6-Б,6-А,8-Б,8-Г,11-А,2-А,7-А,5-А,2-Б,10-А,11-Б,8-В,4-А,7-В,3-В,1-А,9-А,11-В
year,5-Б,3-Б,8-А,2-Г,7-Б,1-Б,3-Г,3-А,2-В,6-Б,6-А,8-Б,8-Г,11-А,2-А,7-А,5-А,2-Б,10-А,11-Б,8-В,4-А,7-В,3-В,1-А,9-А,11-В
year,5-Б,3-Б,8-А,2-Г,7-Б,1-Б,3-Г,3-А,2-В,6-Б,6-А,8-Б,8-Г,11-А,2-А,7-А,5-А,2-Б,10-А,11-Б,8-В,4-А,7-В,3-В,1-А,9-А,11-В
year,5-Б,3-Б,8-А,2-Г,7-Б,1-Б,3-Г,3-А,2-В,6-Б,6-А,8-Б,8-Г,11-А,2-А,7-А,5-А,2-Б,10-А,11-Б,8-В,4-А,7-В,3-В,1-А,9-А,11-В
year,5-Б,3-Б,8-А,2-Г,7-Б,1-Б,3-Г,3-А,2-В,6-Б,6-А,8-Б,8-Г,11-А,2-А,7-А,5-А,2-Б,10-А,11-Б,8-В,4-А,7-В,3-В,1-А,9-А,11-В
year,5-Б,3-Б,8-А,2-Г,7-Б,1-Б,3-Г,3-А,2-В,6-Б,6-А,8-Б,8-Г,11-А,2-А,7-А,5-А,2-Б,10-А,11-Б,8-В,4-А,7-В,3-В,1-А,9-А,11-В
year,5-Б,3-Б,8-А,2-Г,7-Б,1-Б,3-Г,3-А,2-В,6-Б,6-А,8-Б,8-Г,11-А,2-А,7-А,5-А,2-Б,10-А,11-Б,8-В,4-А,7-В,3-В,1-А,9-А,11-В
year,5-Б,3-Б,8-А,2-Г,7-Б,1-Б,3-Г,3-А,2-В,6-Б,6-А,8-Б,8-Г,11-А,2-А,7-А,5-А,2-Б,10-А,11-Б,8-В,4-А,7-В,3-В,1-А,9-А,11-В
year,5-Б,3-Б,8-А,2-Г,7-Б,1-Б,3-Г,3-А,2-В,6-Б,6-А,8-Б,8-Г,11-А,2-А,7-А,5-А,2-Б,10-А,11-Б,8-В,4-А,7-В,3-В,1-А,9-А,11-В
year,5-Б,3-Б,8-А,2-Г,7-Б,1-Б,3-Г,3-А,2-В,6-Б,6-А,8-Б,8-Г,11-А,2-А,7-А,5-А,2-Б,10-А,11-Б,8-В,4-А,7-В,3-В,1-А,9-А,11-В
year,5-Б,3-Б,8-А,2-Г,7-Б,1-Б,3-Г,3-А,2-В,6-Б,6-А,8-Б,8-Г,11-А,2-А,7-А,5-А,2-Б,10-А,11-Б,8-В,4-А,7-В,3-В,1-А,9-А,11-В
year,5-Б,3-Б,8-А,2-Г,7-Б,1-Б,3-Г,3-А,2-В,6-Б,6-А,8-Б,8-Г,11-А,2-А,7-А,5-А,2-Б,10-А,11-Б,8-В,4-А,7-В,3-В,1-А,9-А,11-В
year,5-Б,3-Б,8-А,2-Г,7-Б,1-Б,3-Г,3-А,2-В,6-Б,6-А,8-Б,8-Г,11-А,2-А,7-А,5-А,2-Б,10-А,11-Б,8-В,4-А,7-В,3-В,1-А,9-А,11-В
year,5-Б,3-Б,8-А,2-Г,7-Б,1-Б,3-Г,3-А,2-В,6-Б,6-А,8-Б,8-Г,11-А,2-А,7-А,5-А,2-Б,10-А,11-Б,8-В,4-А,7-В,3-В,1-А,9-А,11-В
year,5-Б,3-Б,8-А,2-Г,7-Б,1-Б,3-Г,3-А,2-В,6-Б,6-А,8-Б,8-Г,11-А,2-А,7-А,5-А,2-Б,10-А,11-Б,8-В,4-А,7-В,3-В,1-А,9-А,11-В
year,5-Б,3-Б,8-А,2-Г,7-Б,1-Б,3-Г,3-А,2-В,6-Б,6-А,8-Б,8-Г,11-А,2-А,7-А,5-А,2-Б,10-А,11-Б,8-В,4-А,7-В,3-В,1-А,9-А,11-В
year,5-Б,3-Б,8-А,2-Г,7-Б,1-Б,3-Г,3-А,2-В,6-Б,6-А,8-Б,8-Г,11-А,2-А,7-А,5-А,2-Б,10-А,11-Б,8-В,4-А,7-В,3-В,1-А,9-А,11-В
year,5-Б,3-Б,8-А,2-Г,7-Б,1-Б,3-Г,3-А,2-В,6-Б,6-А,8-Б,8-Г,11-А,2-А,7-А,5-А,2-Б,10-А,11-Б,8-В,4-А,7-В,3-В,1-А,9-А,11-В
year,5-Б,3-Б,8-А,2-Г,7-Б,1-Б,3-Г,3-А,2-В,6-Б,6-А,8-Б,8-Г,11-А,2-А,7-А,5-А,2-Б,10-А,11-Б,8-В,4-А,7-В,3-В,1-А,9-А,11-В
year,5-Б,3-Б,8-А,2-Г,7-Б,1-Б,3-Г,3-А,2-В,6-Б,6-А,8-Б,8-Г,11-А,2-А,7-А,5-А,2-Б,10-А,11-Б,8-В,4-А,7-В,3-В,1-А,9-А,11-В
year,5-Б,3-Б,8-А,2-Г,7-Б,1-Б,3-Г,3-А,2-В,6-Б,6-А,8-Б,8-Г,11-А,2-А,7-А,5-А,2-Б,10-А,11-Б,8-В,4-А,7-В,3-В,1-А,9-А,11-В
year,5-Б,3-Б,8-А,2-Г,7-Б,1-Б,3-Г,3-А,2-В,6-Б,6-А,8-Б,8-Г,11-А,2-А,7-А,5-А,2-Б,10-А,11-Б,8-В,4-А,7-В,3-В,1-А,9-А,11-В
year,5-Б,3-Б,8-А,2-Г,7-Б,1-Б,3-Г,3-А,2-В,6-Б,6-А,8-Б,8-Г,11-А,2-А,7-А,5-А,2-Б,10-А,11-Б,8-В,4-А,7-В,3-В,1-А,9-А,11-В
year,5-Б,3-Б,8-А,2-Г,7-Б,1-Б,3-Г,3-А,2-В,6-Б,6-А,8-Б,8-Г,11-А,2-А,7-А,5-А,2-Б,10-А,11-Б,8-В,4-А,7-В,3-В,1-А,9-А,11-В
year,5-Б,3-Б,8-А,2-Г,7-Б,1-Б,3-Г,3-А,2-В,6-Б,6-А,8-Б,8-Г,11-А,2-А,7-А,5-А,2-Б,10-А,11-Б,8-В,4-А,7-В,3-В,1-А,9-А,11-В
year,5-Б,3-Б,8-А,2-Г,7-Б,1-Б,3-Г,3-А,2-В,6-Б,6-А,8-Б,8-Г,11-А,2-А,7-А,5-А,2-Б,10-А,11-Б,8-В,4-А,7-В,3-В,1-А,9-А,11-В
year,5-Б,3-Б,8-А,2-Г,7-Б,1-Б,3-Г,3-А,2-В,6-Б,6-А,8-Б,8-Г,11-А,2-А,7-А,5-А,2-Б,10-А,11-Б,8-В,4-А,7-В,3-В,1-А,9-А,11-В
year,5-Б,3-Б,8-А,2-Г,7-Б,1-Б,3-Г,3-А,2-В,6-Б,6-А,8-Б,8-Г,11-А,2-А,7-А,5-А,2-Б,10-А,11-Б,8-В,4-А,7-В,3-В,1-А,9-А,11-В
year,5-Б,3-Б,8-А,2-Г,7-Б,1-Б,3-Г,3-А,2-В,6-Б,6-А,8-Б,8-Г,11-А,2-А,7-А,5-А,2-Б,10-А,11-Б,8-В,4-А,7-В,3-В,1-А,9-А,11-В
year,5-Б,3-Б,8-А,2-Г,7-Б,1-Б,3-Г,3-А,2-В,6-Б,6-А,8-Б,8-Г,11-А,2-А,7-А,5-А,2-Б,10-А,11-Б,8-В,4-А,7-В,3-В,1-А,9-А,11-В
year,5-Б,3-Б,8-А,2-Г,7-Б,1-Б,3-Г,3-А,2-В,6-Б,6-А,8-Б,8-Г,11-А,2-А,7-А,5-А,2-Б,10-А,11-Б,8-В,4-А,7-В,3-В,1-А,9-А,11-В
year,5-Б,3-Б,8-А,2-Г,7-Б,1-Б,3-Г,3-А,2-В,6-Б,6-А,8-Б,8-Г,11-А,2-А,7-А,5-А,2-Б,10-А,11-Б,8-В,4-А,7-В,3-В,1-А,9-А,11-В
year,5-Б,3-Б,8-А,2-Г,7-Б,1-Б,3-Г,3-А,2-В,6-Б,6-А,8-Б,8-Г,11-А,2-А,7-А,5-А,2-Б,10-А,11-Б,8-В,4-А,7-В,3-В,1-А,9-А,11-В
year,5-Б,3-Б,8-А,2-Г,7-Б,1-Б,3-Г,3-А,2-В,6-Б,6-А,8-Б,8-Г,11-А,2-А,7-А,5-А,2-Б,10-А,11-Б,8-В,4-А,7-В,3-В,1-А,9-А,11-В
year,5-Б,3-Б,8-А,2-Г,7-Б,1-Б,3-Г,3-А,2-В,6-Б,6-А,8-Б,8-Г,11-А,2-А,7-А,5-А,2-Б,10-А,11-Б,8-В,4-А,7-В,3-В,1-А,9-А,11-В
year,5-Б,3-Б,8-А,2-Г,7-Б,1-Б,3-Г,3-А,2-В,6-Б,6-А,8-Б,8-Г,11-А,2-А,7-А,5-А,2-Б,10-А,11-Б,8-В,4-А,7-В,3-В,1-А,9-А,11-В
year,5-Б,3-Б,8-А,2-Г,7-Б,1-Б,3-Г,3-А,2-В,6-Б,6-А,8-Б,8-Г,11-А,2-А,7-А,5-А,2-Б,10-А,11-Б,8-В,4-А,7-В,3-В,1-А,9-А,11-В
year,5-Б,3-Б,8-А,2-Г,7-Б,1-Б,3-Г,3-А,2-В,6-Б,6-А,8-Б,8-Г,11-А,2-А,7-А,5-А,2-Б,10-А,11-Б,8-В,4-А,7-В,3-В,1-А,9-А,11-В
year,5-Б,3-Б,8-А,2-Г,7-Б,1-Б,3-Г,3-А,2-В,6-Б,6-А,8-Б,8-Г,11-А,2-А,7-А,5-А,2-Б,10-А,11-Б,8-В,4-А,7-В,3-В,1-А,9-А,11-В
year,5-Б,3-Б,8-А,2-Г,7-Б,1-Б,3-Г,3-А,2-В,6-Б,6-А,8-Б,8-Г,11-А,2-А,7-А,5-А,2-Б,10-А,11-Б,8-В,4-А,7-В,3-В,1-А,9-А,11-В
year,5-Б,3-Б,8-А,2-Г,7-Б,1-Б,3-Г,3-А,2-В,6-Б,6-А,8-Б,8-Г,11-А,2-А,7-А,5-А,2-Б,10-А,11-Б,8-В,4-А,7-В,3-В,1-А,9-А,11-В
year,5-Б,3-Б,8-А,2-Г,7-Б,1-Б,3-Г,3-А,2-В,6-Б,6-А,8-Б,8-Г,11-А,2-А,7-А,5-А,2-Б,10-А,11-Б,8-В,4-А,7-В,3-В,1-А,9-А,11-В
year,5-Б,3-Б,8-А,2-Г,7-Б,1-Б,3-Г,3-А,2-В,6-Б,6-А,8-Б,8-Г,11-А,2-А,7-А,5-А,2-Б,10-А,11-Б,8-В,4-А,7-В,3-В,1-А,9-А,11-В
year,5-Б,3-Б,8-А,2-Г,7-Б,1-Б,3-Г,3-А,2-В,6-Б,6-А,8-Б,8-Г,11-А,2-А,7-А,5-А,2-Б,10-А,11-Б,8-В,4-А,7-В,3-В,1-А,9-А,11-В
year,5-Б,3-Б,8-А,2-Г,7-Б,1-Б,3-Г,3-А,2-В,6-Б,6-А,8-Б,8-Г,11-А,2-А,7-А,5-А,2-Б,10-А,11-Б,8-В,4-А,7-В,3-В,1-А,9-А,11-В
year,5-Б,3-Б,8-А,2-Г,7-Б,1-Б,3-Г,3-А,2-В,6-Б,6-А,8-Б,8-Г,11-А,2-А,7-А,5-А,2-Б,10-А,11-Б,8-В,4-А,7-В,3-В,1-А,9-А,11-В
year,5-Б,3-Б,8-А,2-Г,7-Б,1-Б,3-Г,3-А,2-В,6-Б,6-А,8-Б,8-Г,11-А,2-А,7-А,5-А,2-Б,10-А,11-Б,8-В,4-А,7-В,3-В,1-А,9-А,11-В
year,5-Б,3-Б,8-А,2-Г,7-Б,1-Б,3-Г,3-А,2-В,6-Б,6-А,8-Б,8-Г,11-А,2-А,7-А,5-А,2-Б,10-А,11-Б,8-В,4-А,7-В,3-В,1-А,9-А,11-В
year,5-Б,3-Б,8-А,2-Г,7-Б,1-Б,3-Г,3-А,2-В,6-Б,6-А,8-Б,8-Г,11-А,2-А,7-А,5-А,2-Б,10-А,11-Б,8-В,4-А,7-В,3-В,1-А,9-А,11-В
year,5-Б,3-Б,8-А,2-Г,7-Б,1-Б,3-Г,3-А,2-В,6-Б,6-А,8-Б,8-Г,11-А,2-А,7-А,5-А,2-Б,10-А,11-Б,8-В,4-А,7-В,3-В,1-А,9-А,11-В
year,5-Б,3-Б,8-А,2-Г,7-Б,1-Б,3-Г,3-А,2-В,6-Б,6-А,8-Б,8-Г,11-А,2-А,7-А,5-А,2-Б,10-А,11-Б,8-В,4-А,7-В,3-В,1-А,9-А,11-В
year,5-Б,3-Б,8-А,2-Г,7-Б,1-Б,3-Г,3-А,2-В,6-Б,6-А,8-Б,8-Г,11-А,2-А,7-А,5-А,2-Б,10-А,11-Б,8-В,4-А,7-В,3-В,1-А,9-А,11-В
year,5-Б,3-Б,8-А,2-Г,7-Б,1-Б,3-Г,3-А,2-В,6-Б,6-А,8-Б,8-Г,11-А,2-А,7-А,5-А,2-Б,10-А,11-Б,8-В,4-А,7-В,3-В,1-А,9-А,11-В
year,5-Б,3-Б,8-А,2-Г,7-Б,1-Б,3-Г,3-А,2-В,6-Б,6-А,8-Б,8-Г,11-А,2-А,7-А,5-А,2-Б,10-А,11-Б,8-В,4-А,7-В,3-В,1-А,9-А,11-В
year,5-Б,3-Б,8-А,2-Г,7-Б,1-Б,3-Г,3-А,2-В,6-Б,6-А,8-Б,8-Г,11-А,2-А,7-А,5-А,2-Б,10-А,11-Б,8-В,4-А,7-В,3-В,1-А,9-А,11-В
year,5-Б,3-Б,8-А,2-Г,7-Б,1-Б,3-Г,3-А,2-В,6-Б,6-А,8-Б,8-Г,11-А,2-А,7-А,5-А,2-Б,10-А,11-Б,8-В,4-А,7-В,3-В,1-А,9-А,11-В
year,5-Б,3-Б,8-А,2-Г,7-Б,1-Б,3-Г,3-А,2-В,6-Б,6-А,8-Б,8-Г,11-А,2-А,7-А,5-А,2-Б,10-А,11-Б,8-В,4-А,7-В,3-В,1-А,9-А,11-В
year,5-Б,3-Б,8-А,2-Г,7-Б,1-Б,3-Г,3-А,2-В,6-Б,6-А,8-Б,8-Г,11-А,2-А,7-А,5-А,2-Б,10-А,11-Б,8-В,4-А,7-В,3-В,1-А,9-А,11-В
year,5-Б,3-Б,8-А,2-Г,7-Б,1-Б,3-Г,3-А,2-В,6-Б,6-А,8-Б,8-Г,11-А,2-А,7-А,5-А,2-Б,10-А,11-Б,8-В,4-А,7-В,3-В,1-А,9-А,11-В
year,5-Б,3-Б,8-А,2-Г,7-Б,1-Б,3-Г,3-А,2-В,6-Б,6-А,8-Б,8-Г,11-А,2-А,7-А,5-А,2-Б,10-А,11-Б,8-В,4-А,7-В,3-В,1-А,9-А,11-В
year,5-Б,3-Б,8-А,2-Г,7-Б,1-Б,3-Г,3-А,2-В,6-Б,6-А,8-Б,8-Г,11-А,2-А,7-А,5-А,2-Б,10-А,11-Б,8-В,4-А,7-В,3-В,1-А,9-А,11-В
year,5-Б,3-Б,8-А,2-Г,7-Б,1-Б,3-Г,3-А,2-В,6-Б,6-А,8-Б,8-Г,11-А,2-А,7-А,5-А,2-Б,10-А,11-Б,8-В,4-А,7-В,3-В,1-А,9-А,11-В
year,5-Б,3-Б,8-А,2-Г,7-Б,1-Б,3-Г,3-А,2-В,6-Б,6-А,8-Б,8-Г,11-А,2-А,7-А,5-А,2-Б,10-А,11-Б,8-В,4-А,7-В,3-В,1-А,9-А,11-В
year,5-Б,3-Б,8-А,2-Г,7-Б,1-Б,3-Г,3-А,2-В,6-Б,6-А,8-Б,8-Г,11-А,2-А,7-А,5-А,2-Б,10-А,11-Б,8-В,4-А,7-В,3-В,1-А,9-А,11-В
year,5-Б,3-Б,8-А,2-Г,7-Б,1-Б,3-Г,3-А,2-В,6-Б,6-А,8-Б,8-Г,11-А,2-А,7-А,5-А,2-Б,10-А,11-Б,8-В,4-А,7-В,3-В,1-А,9-А,11-В
year,5-Б,3-Б,8-А,2-Г,7-Б,1-Б,3-Г,3-А,2-В,6-Б,6-А,8-Б,8-Г,11-А,2-А,7-А,5-А,2-Б,10-А,11-Б,8-В,4-А,7-В,3-В,1-А,9-А,11-В
year,5-Б,3-Б,8-А,2-Г,7-Б,1-Б,3-Г,3-А,2-В,6-Б,6-А,8-Б,8-Г,11-А,2-А,7-А,5-А,2-Б,10-А,11-Б,8-В,4-А,7-В,3-В,1-А,9-А,11-В
year,5-Б,3-Б,8-А,2-Г,7-Б,1-Б,3-Г,3-А,2-В,6-Б,6-А,8-Б,8-Г,11-А,2-А,7-А,5-А,2-Б,10-А,11-Б,8-В,4-А,7-В,3-В,1-А,9-А,11-В
year,5-Б,3-Б,8-А,2-Г,7-Б,1-Б,3-Г,3-А,2-В,6-Б,6-А,8-Б,8-Г,11-А,2-А,7-А,5-А,2-Б,10-А,11-Б,8-В,4-А,7-В,3-В,1-А,9-А,11-В
year,5-Б,3-Б,8-А,2-Г,7-Б,1-Б,3-Г,3-А,2-В,6-Б,6-А,8-Б,8-Г,11-А,2-А,7-А,5-А,2-Б,10-А,11-Б,8-В,4-А,7-В,3-В,1-А,9-А,11-В
year,5-Б,3-Б,8-А,2-Г,7-Б,1-Б,3-Г,3-А,2-В,6-Б,6-А,8-Б,8-Г,11-А,2-А,7-А,5-А,2-Б,10-А,11-Б,8-В,4-А,7-В,3-В,1-А,9-А,11-В
year,5-Б,3-Б,8-А,2-Г,7-Б,1-Б,3-Г,3-А,2-В,6-Б,6-А,8-Б,8-Г,11-А,2-А,7-А,5-А,2-Б,10-А,11-Б,8-В,4-А,7-В,3-В,1-А,9-А,11-В
year,5-Б,3-Б,8-А,2-Г,7-Б,1-Б,3-Г,3-А,2-В,6-Б,6-А,8-Б,8-Г,11-А,2-А,7-А,5-А,2-Б,10-А,11-Б,8-В,4-А,7-В,3-В,1-А,9-А,11-В
year,5-Б,3-Б,8-А,2-Г,7-Б,1-Б,3-Г,3-А,2-В,6-Б,6-А,8-Б,8-Г,11-А,2-А,7-А,5-А,2-Б,10-А,11-Б,8-В,4-А,7-В,3-В,1-А,9-А,11-В
year,5-Б,3-Б,8-А,2-Г,7-Б,1-Б,3-Г,3-А,2-В,6-Б,6-А,8-Б,8-Г,11-А,2-А,7-А,5-А,2-Б,10-А,11-Б,8-В,4-А,7-В,3-В,1-А,9-А,11-В
year,5-Б,3-Б,8-А,2-Г,7-Б,1-Б,3-Г,3-А,2-В,6-Б,6-А,8-Б,8-Г,11-А,2-А,7-А,5-А,2-Б,10-А,11-Б,8-В,4-А,7-В,3-В,1-А,9-А,11-В
year,5-Б,3-Б,8-А,2-Г,7-Б,1-Б,3-Г,3-А,2-В,6-Б,6-А,8-Б,8-Г,11-А,2-А,7-А,5-А,2-Б,10-А,11-Б,8-В,4-А,7-В,3-В,1-А,9-А,11-В
year,5-Б,3-Б,8-А,2-Г,7-Б,1-Б,3-Г,3-А,2-В,6-Б,6-А,8-Б,8-Г,11-А,2-А,7-А,5-А,2-Б,10-А,11-Б,8-В,4-А,7-В,3-В,1-А,9-А,11-В
year,5-Б,3-Б,8-А,2-Г,7-Б,1-Б,3-Г,3-А,2-В,6-Б,6-А,8-Б,8-Г,11-А,2-А,7-А,5-А,2-Б,10-А,11-Б,8-В,4-А,7-В,3-В,1-А,9-А,11-В
year,5-Б,3-Б,8-А,2-Г,7-Б,1-Б,3-Г,3-А,2-В,6-Б,6-А,8-Б,8-Г,11-А,2-А,7-А,5-А,2-Б,10-А,11-Б,8-В,4-А,7-В,3-В,1-А,9-А,11-В
year,5-Б,3-Б,8-А,2-Г,7-Б,1-Б,3-Г,3-А,2-В,6-Б,6-А,8-Б,8-Г,11-А,2-А,7-А,5-А,2-Б,10-А,11-Б,8-В,4-А,7-В,3-В,1-А,9-А,11-В
year,5-Б,3-Б,8-А,2-Г,7-Б,1-Б,3-Г,3-А,2-В,6-Б,6-А,8-Б,8-Г,11-А,2-А,7-А,5-А,2-Б,10-А,11-Б,8-В,4-А,7-В,3-В,1-А,9-А,11-В
year,5-Б,3-Б,8-А,2-Г,7-Б,1-Б,3-Г,3-А,2-В,6-Б,6-А,8-Б,8-Г,11-А,2-А,7-А,5-А,2-Б,10-А,11-Б,8-В,4-А,7-В,3-В,1-А,9-А,11-В
year,5-Б,3-Б,8-А,2-Г,7-Б,1-Б,3-Г,3-А,2-В,6-Б,6-А,8-Б,8-Г,11-А,2-А,7-А,5-А,2-Б,10-А,11-Б,8-В,4-А,7-В,3-В,1-А,9-А,11-В
year,5-Б,3-Б,8-А,2-Г,7-Б,1-Б,3-Г,3-А,2-В,6-Б,6-А,8-Б,8-Г,11-А,2-А,7-А,5-А,2-Б,10-А,11-Б,8-В,4-А,7-В,3-В,1-А,9-А,11-В
year,5-Б,3-Б,8-А,2-Г,7-Б,1-Б,3-Г,3-А,2-В,6-Б,6-А,8-Б,8-Г,11-А,2-А,7-А,5-А,2-Б,10-А,11-Б,8-В,4-А,7-В,3-В,1-А,9-А,11-В
year,5-Б,3-Б,8-А,2-Г,7-Б,1-Б,3-Г,3-А,2-В,6-Б,6-А,8-Б,8-Г,11-А,2-А,7-А,5-А,2-Б,10-А,11-Б,8-В,4-А,7-В,3-В,1-А,9-А,11-В
year,5-Б,3-Б,8-А,2-Г,7-Б,1-Б,3-Г,3-А,2-В,6-Б,6-А,8-Б,8-Г,11-А,2-А,7-А,5-А,2-Б,10-А,11-Б,8-В,4-А,7-В,3-В,1-А,9-А,11-В
year,5-Б,3-Б,8-А,2-Г,7-Б,1-Б,3-Г,3-А,2-В,6-Б,6-А,8-Б,8-Г,11-А,2-А,7-А,5-А,2-Б,10-А,11-Б,8-В,4-А,7-В,3-В,1-А,9-А,11-В
year,5-Б,3-Б,8-А,2-Г,7-Б,1-Б,3-Г,3-А,2-В,6-Б,6-А,8-Б,8-Г,11-А,2-А,7-А,5-А,2-Б,10-А,11-Б,8-В,4-А,7-В,3-В,1-А,9-А,11-В
year,5-Б,3-Б,8-А,2-Г,7-Б,1-Б,3-Г,3-А,2-В,6-Б,6-А,8-Б,8-Г,11-А,2-А,7-А,5-А,2-Б,10-А,11-Б,8-В,4-А,7-В,3-В,1-А,9-А,11-В
year,5-Б,3-Б,8-А,2-Г,7-Б,1-Б,3-Г,3-А,2-В,6-Б,6-А,8-Б,8-Г,11-А,2-А,7-А,5-А,2-Б,10-А,11-Б,8-В,4-А,7-В,3-В,1-А,9-А,11-В
year,5-Б,3-Б,8-А,2-Г,7-Б,1-Б,3-Г,3-А,2-В,6-Б,6-А,8-Б,8-Г,11-А,2-А,7-А,5-А,2-Б,10-А,11-Б,8-В,4-А,7-В,3-В,1-А,9-А,11-В
year,5-Б,3-Б,8-А,2-Г,7-Б,1-Б,3-Г,3-А,2-В,6-Б,6-А,8-Б,8-Г,11-А,2-А,7-А,5-А,2-Б,10-А,11-Б,8-В,4-А,7-В,3-В,1-А,9-А,11-В
year,5-Б,3-Б,8-А,2-Г,7-Б,1-Б,3-Г,3-А,2-В,6-Б,6-А,8-Б,8-Г,11-А,2-А,7-А,5-А,2-Б,10-А,11-Б,8-В,4-А,7-В,3-В,1-А,9-А,11-В
year,5-Б,3-Б,8-А,2-Г,7-Б,1-Б,3-Г,3-А,2-В,6-Б,6-А,8-Б,8-Г,11-А,2-А,7-А,5-А,2-Б,10-А,11-Б,8-В,4-А,7-В,3-В,1-А,9-А,11-В
year,5-Б,3-Б,8-А,2-Г,7-Б,1-Б,3-Г,3-А,2-В,6-Б,6-А,8-Б,8-Г,11-А,2-А,7-А,5-А,2-Б,10-А,11-Б,8-В,4-А,7-В,3-В,1-А,9-А,11-В
year,5-Б,3-Б,8-А,2-Г,7-Б,1-Б,3-Г,3-А,2-В,6-Б,6-А,8-Б,8-Г,11-А,2-А,7-А,5-А,2-Б,10-А,11-Б,8-В,4-А,7-В,3-В,1-А,9-А,11-В
year,5-Б,3-Б,8-А,2-Г,7-Б,1-Б,3-Г,3-А,2-В,6-Б,6-А,8-Б,8-Г,11-А,2-А,7-А,5-А,2-Б,10-А,11-Б,8-В,4-А,7-В,3-В,1-А,9-А,11-В
year,5-Б,3-Б,8-А,2-Г,7-Б,1-Б,3-Г,3-А,2-В,6-Б,6-А,8-Б,8-Г,11-А,2-А,7-А,5-А,2-Б,10-А,11-Б,8-В,4-А,7-В,3-В,1-А,9-А,11-В
year,5-Б,3-Б,8-А,2-Г,7-Б,1-Б,3-Г,3-А,2-В,6-Б,6-А,8-Б,8-Г,11-А,2-А,7-А,5-А,2-Б,10-А,11-Б,8-В,4-А,7-В,3-В,1-А,9-А,11-В
year,5-Б,3-Б,8-А,2-Г,7-Б,1-Б,3-Г,3-А,2-В,6-Б,6-А,8-Б,8-Г,11-А,2-А,7-А,5-А,2-Б,10-А,11-Б,8-В,4-А,7-В,3-В,1-А,9-А,11-В
year,5-Б,3-Б,8-А,2-Г,7-Б,1-Б,3-Г,3-А,2-В,6-Б,6-А,8-Б,8-Г,11-А,2-А,7-А,5-А,2-Б,10-А,11-Б,8-В,4-А,7-В,3-В,1-А,9-А,11-В
year,5-Б,3-Б,8-А,2-Г,7-Б,1-Б,3-Г,3-А,2-В,6-Б,6-А,8-Б,8-Г,11-А,2-А,7-А,5-А,2-Б,10-А,11-Б,8-В,4-А,7-В,3-В,1-А,9-А,11-В
year,5-Б,3-Б,8-А,2-Г,7-Б,1-Б,3-Г,3-А,2-В,6-Б,6-А,8-Б,8-Г,11-А,2-А,7-А,5-А,2-Б,10-А,11-Б,8-В,4-А,7-В,3-В,1-А,9-А,11-В
year,5-Б,3-Б,8-А,2-Г,7-Б,1-Б,3-Г,3-А,2-В,6-Б,6-А,8-Б,8-Г,11-А,2-А,7-А,5-А,2-Б,10-А,11-Б,8-В,4-А,7-В,3-В,1-А,9-А,11-В
year,5-Б,3-Б,8-А,2-Г,7-Б,1-Б,3-Г,3-А,2-В,6-Б,6-А,8-Б,8-Г,11-А,2-А,7-А,5-А,2-Б,10-А,11-Б,8-В,4-А,7-В,3-В,1-А,9-А,11-В
year,5-Б,3-Б,8-А,2-Г,7-Б,1-Б,3-Г,3-А,2-В,6-Б,6-А,8-Б,8-Г,11-А,2-А,7-А,5-А,2-Б,10-А,11-Б,8-В,4-А,7-В,3-В,1-А,9-А,11-В
year,5-Б,3-Б,8-А,2-Г,7-Б,1-Б,3-Г,3-А,2-В,6-Б,6-А,8-Б,8-Г,11-А,2-А,7-А,5-А,2-Б,10-А,11-Б,8-В,4-А,7-В,3-В,1-А,9-А,11-В
year,5-Б,3-Б,8-А,2-Г,7-Б,1-Б,3-Г,3-А,2-В,6-Б,6-А,8-Б,8-Г,11-А,2-А,7-А,5-А,2-Б,10-А,11-Б,8-В,4-А,7-В,3-В,1-А,9-А,11-В
year,5-Б,3-Б,8-А,2-Г,7-Б,1-Б,3-Г,3-А,2-В,6-Б,6-А,8-Б,8-Г,11-А,2-А,7-А,5-А,2-Б,10-А,11-Б,8-В,4-А,7-В,3-В,1-А,9-А,11-В
year,5-Б,3-Б,8-А,2-Г,7-Б,1-Б,3-Г,3-А,2-В,6-Б,6-А,8-Б,8-Г,11-А,2-А,7-А,5-А,2-Б,10-А,11-Б,8-В,4-А,7-В,3-В,1-А,9-А,11-В
year,5-Б,3-Б,8-А,2-Г,7-Б,1-Б,3-Г,3-А,2-В,6-Б,6-А,8-Б,8-Г,11-А,2-А,7-А,5-А,2-Б,10-А,11-Б,8-В,4-А,7-В,3-В,1-А,9-А,11-В
year,5-Б,3-Б,8-А,2-Г,7-Б,1-Б,3-Г,3-А,2-В,6-Б,6-А,8-Б,8-Г,11-А,2-А,7-А,5-А,2-Б,10-А,11-Б,8-В,4-А,7-В,3-В,1-А,9-А,11-В
year,5-Б,3-Б,8-А,2-Г,7-Б,1-Б,3-Г,3-А,2-В,6-Б,6-А,8-Б,8-Г,11-А,2-А,7-А,5-А,2-Б,10-А,11-Б,8-В,4-А,7-В,3-В,1-А,9-А,11-В
year,5-Б,3-Б,8-А,2-Г,7-Б,1-Б,3-Г,3-А,2-В,6-Б,6-А,8-Б,8-Г,11-А,2-А,7-А,5-А,2-Б,10-А,11-Б,8-В,4-А,7-В,3-В,1-А,9-А,11-В
year,5-Б,3-Б,8-А,2-Г,7-Б,1-Б,3-Г,3-А,2-В,6-Б,6-А,8-Б,8-Г,11-А,2-А,7-А,5-А,2-Б,10-А,11-Б,8-В,4-А,7-В,3-В,1-А,9-А,11-В
year,5-Б,3-Б,8-А,2-Г,7-Б,1-Б,3-Г,3-А,2-В,6-Б,6-А,8-Б,8-Г,11-А,2-А,7-А,5-А,2-Б,10-А,11-Б,8-В,4-А,7-В,3-В,1-А,9-А,11-В
year,5-Б,3-Б,8-А,2-Г,7-Б,1-Б,3-Г,3-А,2-В,6-Б,6-А,8-Б,8-Г,11-А,2-А,7-А,5-А,2-Б,10-А,11-Б,8-В,4-А,7-В,3-В,1-А,9-А,11-В
year,5-Б,3-Б,8-А,2-Г,7-Б,1-Б,3-Г,3-А,2-В,6-Б,6-А,8-Б,8-Г,11-А,2-А,7-А,5-А,2-Б,10-А,11-Б,8-В,4-А,7-В,3-В,1-А,9-А,11-В
year,5-Б,3-Б,8-А,2-Г,7-Б,1-Б,3-Г,3-А,2-В,6-Б,6-А,8-Б,8-Г,11-А,2-А,7-А,5-А,2-Б,10-А,11-Б,8-В,4-А,7-В,3-В,1-А,9-А,11-В
year,5-Б,3-Б,8-А,2-Г,7-Б,1-Б,3-Г,3-А,2-В,6-Б,6-А,8-Б,8-Г,11-А,2-А,7-А,5-А,2-Б,10-А,11-Б,8-В,4-А,7-В,3-В,1-А,9-А,11-В
year,5-Б,3-Б,8-А,2-Г,7-Б,1-Б,3-Г,3-А,2-В,6-Б,6-А,8-Б,8-Г,11-А,2-А,7-А,5-А,2-Б,10-А,11-Б,8-В,4-А,7-В,3-В,1-А,9-А,11-В
year,5-Б,3-Б,8-А,2-Г,7-Б,1-Б,3-Г,3-А,2-В,6-Б,6-А,8-Б,8-Г,11-А,2-А,7-А,5-А,2-Б,10-А,11-Б,8-В,4-А,7-В,3-В,1-А,9-А,11-В
year,5-Б,3-Б,8-А,2-Г,7-Б,1-Б,3-Г,3-А,2-В,6-Б,6-А,8-Б,8-Г,11-А,2-А,7-А,5-А,2-Б,10-А,11-Б,8-В,4-А,7-В,3-В,1-А,9-А,11-В
year,5-Б,3-Б,8-А,2-Г,7-Б,1-Б,3-Г,3-А,2-В,6-Б,6-А,8-Б,8-Г,11-А,2-А,7-А,5-А,2-Б,10-А,11-Б,8-В,4-А,7-В,3-В,1-А,9-А,11-В
year,5-Б,3-Б,8-А,2-Г,7-Б,1-Б,3-Г,3-А,2-В,6-Б,6-А,8-Б,8-Г,11-А,2-А,7-А,5-А,2-Б,10-А,11-Б,8-В,4-А,7-В,3-В,1-А,9-А,11-В
year,5-Б,3-Б,8-А,2-Г,7-Б,1-Б,3-Г,3-А,2-В,6-Б,6-А,8-Б,8-Г,11-А,2-А,7-А,5-А,2-Б,10-А,11-Б,8-В,4-А,7-В,3-В,1-А,9-А,11-В
year,5-Б,3-Б,8-А,2-Г,7-Б,1-Б,3-Г,3-А,2-В,6-Б,6-А,8-Б,8-Г,11-А,2-А,7-А,5-А,2-Б,10-А,11-Б,8-В,4-А,7-В,3-В,1-А,9-А,11-В
year,5-Б,3-Б,8-А,2-Г,7-Б,1-Б,3-Г,3-А,2-В,6-Б,6-А,8-Б,8-Г,11-А,2-А,7-А,5-А,2-Б,10-А,11-Б,8-В,4-А,7-В,3-В,1-А,9-А,11-В
year,5-Б,3-Б,8-А,2-Г,7-Б,1-Б,3-Г,3-А,2-В,6-Б,6-А,8-Б,8-Г,11-А,2-А,7-А,5-А,2-Б,10-А,11-Б,8-В,4-А,7-В,3-В,1-А,9-А,11-В
year,5-Б,3-Б,8-А,2-Г,7-Б,1-Б,3-Г,3-А,2-В,6-Б,6-А,8-Б,8-Г,11-А,2-А,7-А,5-А,2-Б,10-А,11-Б,8-В,4-А,7-В,3-В,1-А,9-А,11-В
year,5-Б,3-Б,8-А,2-Г,7-Б,1-Б,3-Г,3-А,2-В,6-Б,6-А,8-Б,8-Г,11-А,2-А,7-А,5-А,2-Б,10-А,11-Б,8-В,4-А,7-В,3-В,1-А,9-А,11-В
year,5-Б,3-Б,8-А,2-Г,7-Б,1-Б,3-Г,3-А,2-В,6-Б,6-А,8-Б,8-Г,11-А,2-А,7-А,5-А,2-Б,10-А,11-Б,8-В,4-А,7-В,3-В,1-А,9-А,11-В
year,5-Б,3-Б,8-А,2-Г,7-Б,1-Б,3-Г,3-А,2-В,6-Б,6-А,8-Б,8-Г,11-А,2-А,7-А,5-А,2-Б,10-А,11-Б,8-В,4-А,7-В,3-В,1-А,9-А,11-В
year,5-Б,3-Б,8-А,2-Г,7-Б,1-Б,3-Г,3-А,2-В,6-Б,6-А,8-Б,8-Г,11-А,2-А,7-А,5-А,2-Б,10-А,11-Б,8-В,4-А,7-В,3-В,1-А,9-А,11-В
year,5-Б,3-Б,8-А,2-Г,7-Б,1-Б,3-Г,3-А,2-В,6-Б,6-А,8-Б,8-Г,11-А,2-А,7-А,5-А,2-Б,10-А,11-Б,8-В,4-А,7-В,3-В,1-А,9-А,11-В
year,5-Б,3-Б,8-А,2-Г,7-Б,1-Б,3-Г,3-А,2-В,6-Б,6-А,8-Б,8-Г,11-А,2-А,7-А,5-А,2-Б,10-А,11-Б,8-В,4-А,7-В,3-В,1-А,9-А,11-В
year,5-Б,3-Б,8-А,2-Г,7-Б,1-Б,3-Г,3-А,2-В,6-Б,6-А,8-Б,8-Г,11-А,2-А,7-А,5-А,2-Б,10-А,11-Б,8-В,4-А,7-В,3-В,1-А,9-А,11-В
year,5-Б,3-Б,8-А,2-Г,7-Б,1-Б,3-Г,3-А,2-В,6-Б,6-А,8-Б,8-Г,11-А,2-А,7-А,5-А,2-Б,10-А,11-Б,8-В,4-А,7-В,3-В,1-А,9-А,11-В
year,5-Б,3-Б,8-А,2-Г,7-Б,1-Б,3-Г,3-А,2-В,6-Б,6-А,8-Б,8-Г,11-А,2-А,7-А,5-А,2-Б,10-А,11-Б,8-В,4-А,7-В,3-В,1-А,9-А,11-В
year,5-Б,3-Б,8-А,2-Г,7-Б,1-Б,3-Г,3-А,2-В,6-Б,6-А,8-Б,8-Г,11-А,2-А,7-А,5-А,2-Б,10-А,11-Б,8-В,4-А,7-В,3-В,1-А,9-А,11-В
year,5-Б,3-Б,8-А,2-Г,7-Б,1-Б,3-Г,3-А,2-В,6-Б,6-А,8-Б,8-Г,11-А,2-А,7-А,5-А,2-Б,10-А,11-Б,8-В,4-А,7-В,3-В,1-А,9-А,11-В
year,5-Б,3-Б,8-А,2-Г,7-Б,1-Б,3-Г,3-А,2-В,6-Б,6-А,8-Б,8-Г,11-А,2-А,7-А,5-А,2-Б,10-А,11-Б,8-В,4-А,7-В,3-В,1-А,9-А,11-В
year,5-Б,3-Б,8-А,2-Г,7-Б,1-Б,3-Г,3-А,2-В,6-Б,6-А,8-Б,8-Г,11-А,2-А,7-А,5-А,2-Б,10-А,11-Б,8-В,4-А,7-В,3-В,1-А,9-А,11-В
year,5-Б,3-Б,8-А,2-Г,7-Б,1-Б,3-Г,3-А,2-В,6-Б,6-А,8-Б,8-Г,11-А,2-А,7-А,5-А,2-Б,10-А,11-Б,8-В,4-А,7-В,3-В,1-А,9-А,11-В
year,5-Б,3-Б,8-А,2-Г,7-Б,1-Б,3-Г,3-А,2-В,6-Б,6-А,8-Б,8-Г,11-А,2-А,7-А,5-А,2-Б,10-А,11-Б,8-В,4-А,7-В,3-В,1-А,9-А,11-В
year,5-Б,3-Б,8-А,2-Г,7-Б,1-Б,3-Г,3-А,2-В,6-Б,6-А,8-Б,8-Г,11-А,2-А,7-А,5-А,2-Б,10-А,11-Б,8-В,4-А,7-В,3-В,1-А,9-А,11-В
year,5-Б,3-Б,8-А,2-Г,7-Б,1-Б,3-Г,3-А,2-В,6-Б,6-А,8-Б,8-Г,11-А,2-А,7-А,5-А,2-Б,10-А,11-Б,8-В,4-А,7-В,3-В,1-А,9-А,11-В
year,5-Б,3-Б,8-А,2-Г,7-Б,1-Б,3-Г,3-А,2-В,6-Б,6-А,8-Б,8-Г,11-А,2-А,7-А,5-А,2-Б,10-А,11-Б,8-В,4-А,7-В,3-В,1-А,9-А,11-В
year,5-Б,3-Б,8-А,2-Г,7-Б,1-Б,3-Г,3-А,2-В,6-Б,6-А,8-Б,8-Г,11-А,2-А,7-А,5-А,2-Б,10-А,11-Б,8-В,4-А,7-В,3-В,1-А,9-А,11-В
year,5-Б,3-Б,8-А,2-Г,7-Б,1-Б,3-Г,3-А,2-В,6-Б,6-А,8-Б,8-Г,11-А,2-А,7-А,5-А,2-Б,10-А,11-Б,8-В,4-А,7-В,3-В,1-А,9-А,11-В
year,5-Б,3-Б,8-А,2-Г,7-Б,1-Б,3-Г,3-А,2-В,6-Б,6-А,8-Б,8-Г,11-А,2-А,7-А,5-А,2-Б,10-А,11-Б,8-В,4-А,7-В,3-В,1-А,9-А,11-В
year,5-Б,3-Б,8-А,2-Г,7-Б,1-Б,3-Г,3-А,2-В,6-Б,6-А,8-Б,8-Г,11-А,2-А,7-А,5-А,2-Б,10-А,11-Б,8-В,4-А,7-В,3-В,1-А,9-А,11-В
year,5-Б,3-Б,8-А,2-Г,7-Б,1-Б,3-Г,3-А,2-В,6-Б,6-А,8-Б,8-Г,11-А,2-А,7-А,5-А,2-Б,10-А,11-Б,8-В,4-А,7-В,3-В,1-А,9-А,11-В
year,5-Б,3-Б,8-А,2-Г,7-Б,1-Б,3-Г,3-А,2-В,6-Б,6-А,8-Б,8-Г,11-А,2-А,7-А,5-А,2-Б,10-А,11-Б,8-В,4-А,7-В,3-В,1-А,9-А,11-В
year,5-Б,3-Б,8-А,2-Г,7-Б,1-Б,3-Г,3-А,2-В,6-Б,6-А,8-Б,8-Г,11-А,2-А,7-А,5-А,2-Б,10-А,11-Б,8-В,4-А,7-В,3-В,1-А,9-А,11-В
year,5-Б,3-Б,8-А,2-Г,7-Б,1-Б,3-Г,3-А,2-В,6-Б,6-А,8-Б,8-Г,11-А,2-А,7-А,5-А,2-Б,10-А,11-Б,8-В,4-А,7-В,3-В,1-А,9-А,11-В
year,5-Б,3-Б,8-А,2-Г,7-Б,1-Б,3-Г,3-А,2-В,6-Б,6-А,8-Б,8-Г,11-А,2-А,7-А,5-А,2-Б,10-А,11-Б,8-В,4-А,7-В,3-В,1-А,9-А,11-В
year,5-Б,3-Б,8-А,2-Г,7-Б,1-Б,3-Г,3-А,2-В,6-Б,6-А,8-Б,8-Г,11-А,2-А,7-А,5-А,2-Б,10-А,11-Б,8-В,4-А,7-В,3-В,1-А,9-А,11-В
year,5-Б,3-Б,8-А,2-Г,7-Б,1-Б,3-Г,3-А,2-В,6-Б,6-А,8-Б,8-Г,11-А,2-А,7-А,5-А,2-Б,10-А,11-Б,8-В,4-А,7-В,3-В,1-А,9-А,11-В
year,5-Б,3-Б,8-А,2-Г,7-Б,1-Б,3-Г,3-А,2-В,6-Б,6-А,8-Б,8-Г,11-А,2-А,7-А,5-А,2-Б,10-А,11-Б,8-В,4-А,7-В,3-В,1-А,9-А,11-В
year,5-Б,3-Б,8-А,2-Г,7-Б,1-Б,3-Г,3-А,2-В,6-Б,6-А,8-Б,8-Г,11-А,2-А,7-А,5-А,2-Б,10-А,11-Б,8-В,4-А,7-В,3-В,1-А,9-А,11-В
year,5-Б,3-Б,8-А,2-Г,7-Б,1-Б,3-Г,3-А,2-В,6-Б,6-А,8-Б,8-Г,11-А,2-А,7-А,5-А,2-Б,10-А,11-Б,8-В,4-А,7-В,3-В,1-А,9-А,11-В
year,5-Б,3-Б,8-А,2-Г,7-Б,1-Б,3-Г,3-А,2-В,6-Б,6-А,8-Б,8-Г,11-А,2-А,7-А,5-А,2-Б,10-А,11-Б,8-В,4-А,7-В,3-В,1-А,9-А,11-В
year,5-Б,3-Б,8-А,2-Г,7-Б,1-Б,3-Г,3-А,2-В,6-Б,6-А,8-Б,8-Г,11-А,2-А,7-А,5-А,2-Б,10-А,11-Б,8-В,4-А,7-В,3-В,1-А,9-А,11-В
year,5-Б,3-Б,8-А,2-Г,7-Б,1-Б,3-Г,3-А,2-В,6-Б,6-А,8-Б,8-Г,11-А,2-А,7-А,5-А,2-Б,10-А,11-Б,8-В,4-А,7-В,3-В,1-А,9-А,11-В
year,5-Б,3-Б,8-А,2-Г,7-Б,1-Б,3-Г,3-А,2-В,6-Б,6-А,8-Б,8-Г,11-А,2-А,7-А,5-А,2-Б,10-А,11-Б,8-В,4-А,7-В,3-В,1-А,9-А,11-В
year,5-Б,3-Б,8-А,2-Г,7-Б,1-Б,3-Г,3-А,2-В,6-Б,6-А,8-Б,8-Г,11-А,2-А,7-А,5-А,2-Б,10-А,11-Б,8-В,4-А,7-В,3-В,1-А,9-А,11-В
year,5-Б,3-Б,8-А,2-Г,7-Б,1-Б,3-Г,3-А,2-В,6-Б,6-А,8-Б,8-Г,11-А,2-А,7-А,5-А,2-Б,10-А,11-Б,8-В,4-А,7-В,3-В,1-А,9-А,11-В
year,5-Б,3-Б,8-А,2-Г,7-Б,1-Б,3-Г,3-А,2-В,6-Б,6-А,8-Б,8-Г,11-А,2-А,7-А,5-А,2-Б,10-А,11-Б,8-В,4-А,7-В,3-В,1-А,9-А,11-В
year,5-Б,3-Б,8-А,2-Г,7-Б,1-Б,3-Г,3-А,2-В,6-Б,6-А,8-Б,8-Г,11-А,2-А,7-А,5-А,2-Б,10-А,11-Б,8-В,4-А,7-В,3-В,1-А,9-А,11-В
year,5-Б,3-Б,8-А,2-Г,7-Б,1-Б,3-Г,3-А,2-В,6-Б,6-А,8-Б,8-Г,11-А,2-А,7-А,5-А,2-Б,10-А,11-Б,8-В,4-А,7-В,3-В,1-А,9-А,11-В
year,5-Б,3-Б,8-А,2-Г,7-Б,1-Б,3-Г,3-А,2-В,6-Б,6-А,8-Б,8-Г,11-А,2-А,7-А,5-А,2-Б,10-А,11-Б,8-В,4-А,7-В,3-В,1-А,9-А,11-В
year,5-Б,3-Б,8-А,2-Г,7-Б,1-Б,3-Г,3-А,2-В,6-Б,6-А,8-Б,8-Г,11-А,2-А,7-А,5-А,2-Б,10-А,11-Б,8-В,4-А,7-В,3-В,1-А,9-А,11-В
year,5-Б,3-Б,8-А,2-Г,7-Б,1-Б,3-Г,3-А,2-В,6-Б,6-А,8-Б,8-Г,11-А,2-А,7-А,5-А,2-Б,10-А,11-Б,8-В,4-А,7-В,3-В,1-А,9-А,11-В
year,5-Б,3-Б,8-А,2-Г,7-Б,1-Б,3-Г,3-А,2-В,6-Б,6-А,8-Б,8-Г,11-А,2-А,7-А,5-А,2-Б,10-А,11-Б,8-В,4-А,7-В,3-В,1-А,9-А,11-В
year,5-Б,3-Б,8-А,2-Г,7-Б,1-Б,3-Г,3-А,2-В,6-Б,6-А,8-Б,8-Г,11-А,2-А,7-А,5-А,2-Б,10-А,11-Б,8-В,4-А,7-В,3-В,1-А,9-А,11-В
year,5-Б,3-Б,8-А,2-Г,7-Б,1-Б,3-Г,3-А,2-В,6-Б,6-А,8-Б,8-Г,11-А,2-А,7-А,5-А,2-Б,10-А,11-Б,8-В,4-А,7-В,3-В,1-А,9-А,11-В
year,5-Б,3-Б,8-А,2-Г,7-Б,1-Б,3-Г,3-А,2-В,6-Б,6-А,8-Б,8-Г,11-А,2-А,7-А,5-А,2-Б,10-А,11-Б,8-В,4-А,7-В,3-В,1-А,9-А,11-В
year,5-Б,3-Б,8-А,2-Г,7-Б,1-Б,3-Г,3-А,2-В,6-Б,6-А,8-Б,8-Г,11-А,2-А,7-А,5-А,2-Б,10-А,11-Б,8-В,4-А,7-В,3-В,1-А,9-А,11-В
year,5-Б,3-Б,8-А,2-Г,7-Б,1-Б,3-Г,3-А,2-В,6-Б,6-А,8-Б,8-Г,11-А,2-А,7-А,5-А,2-Б,10-А,11-Б,8-В,4-А,7-В,3-В,1-А,9-А,11-В
year,5-Б,3-Б,8-А,2-Г,7-Б,1-Б,3-Г,3-А,2-В,6-Б,6-А,8-Б,8-Г,11-А,2-А,7-А,5-А,2-Б,10-А,11-Б,8-В,4-А,7-В,3-В,1-А,9-А,11-В
year,5-Б,3-Б,8-А,2-Г,7-Б,1-Б,3-Г,3-А,2-В,6-Б,6-А,8-Б,8-Г,11-А,2-А,7-А,5-А,2-Б,10-А,11-Б,8-В,4-А,7-В,3-В,1-А,9-А,11-В
year,5-Б,3-Б,8-А,2-Г,7-Б,1-Б,3-Г,3-А,2-В,6-Б,6-А,8-Б,8-Г,11-А,2-А,7-А,5-А,2-Б,10-А,11-Б,8-В,4-А,7-В,3-В,1-А,9-А,11-В
year,5-Б,3-Б,8-А,2-Г,7-Б,1-Б,3-Г,3-А,2-В,6-Б,6-А,8-Б,8-Г,11-А,2-А,7-А,5-А,2-Б,10-А,11-Б,8-В,4-А,7-В,3-В,1-А,9-А,11-В
year,5-Б,3-Б,8-А,2-Г,7-Б,1-Б,3-Г,3-А,2-В,6-Б,6-А,8-Б,8-Г,11-А,2-А,7-А,5-А,2-Б,10-А,11-Б,8-В,4-А,7-В,3-В,1-А,9-А,11-В
year,5-Б,3-Б,8-А,2-Г,7-Б,1-Б,3-Г,3-А,2-В,6-Б,6-А,8-Б,8-Г,11-А,2-А,7-А,5-А,2-Б,10-А,11-Б,8-В,4-А,7-В,3-В,1-А,9-А,11-В
year,5-Б,3-Б,8-А,2-Г,7-Б,1-Б,3-Г,3-А,2-В,6-Б,6-А,8-Б,8-Г,11-А,2-А,7-А,5-А,2-Б,10-А,11-Б,8-В,4-А,7-В,3-В,1-А,9-А,11-В
year,5-Б,3-Б,8-А,2-Г,7-Б,1-Б,3-Г,3-А,2-В,6-Б,6-А,8-Б,8-Г,11-А,2-А,7-А,5-А,2-Б,10-А,11-Б,8-В,4-А,7-В,3-В,1-А,9-А,11-В
year,5-Б,3-Б,8-А,2-Г,7-Б,1-Б,3-Г,3-А,2-В,6-Б,6-А,8-Б,8-Г,11-А,2-А,7-А,5-А,2-Б,10-А,11-Б,8-В,4-А,7-В,3-В,1-А,9-А,11-В
year,5-Б,3-Б,8-А,2-Г,7-Б,1-Б,3-Г,3-А,2-В,6-Б,6-А,8-Б,8-Г,11-А,2-А,7-А,5-А,2-Б,10-А,11-Б,8-В,4-А,7-В,3-В,1-А,9-А,11-В
year,5-Б,3-Б,8-А,2-Г,7-Б,1-Б,3-Г,3-А,2-В,6-Б,6-А,8-Б,8-Г,11-А,2-А,7-А,5-А,2-Б,10-А,11-Б,8-В,4-А,7-В,3-В,1-А,9-А,11-В
year,5-Б,3-Б,8-А,2-Г,7-Б,1-Б,3-Г,3-А,2-В,6-Б,6-А,8-Б,8-Г,11-А,2-А,7-А,5-А,2-Б,10-А,11-Б,8-В,4-А,7-В,3-В,1-А,9-А,11-В
year,5-Б,3-Б,8-А,2-Г,7-Б,1-Б,3-Г,3-А,2-В,6-Б,6-А,8-Б,8-Г,11-А,2-А,7-А,5-А,2-Б,10-А,11-Б,8-В,4-А,7-В,3-В,1-А,9-А,11-В
year,5-Б,3-Б,8-А,2-Г,7-Б,1-Б,3-Г,3-А,2-В,6-Б,6-А,8-Б,8-Г,11-А,2-А,7-А,5-А,2-Б,10-А,11-Б,8-В,4-А,7-В,3-В,1-А,9-А,11-В
year,5-Б,3-Б,8-А,2-Г,7-Б,1-Б,3-Г,3-А,2-В,6-Б,6-А,8-Б,8-Г,11-А,2-А,7-А,5-А,2-Б,10-А,11-Б,8-В,4-А,7-В,3-В,1-А,9-А,11-В
year,5-Б,3-Б,8-А,2-Г,7-Б,1-Б,3-Г,3-А,2-В,6-Б,6-А,8-Б,8-Г,11-А,2-А,7-А,5-А,2-Б,10-А,11-Б,8-В,4-А,7-В,3-В,1-А,9-А,11-В
year,5-Б,3-Б,8-А,2-Г,7-Б,1-Б,3-Г,3-А,2-В,6-Б,6-А,8-Б,8-Г,11-А,2-А,7-А,5-А,2-Б,10-А,11-Б,8-В,4-А,7-В,3-В,1-А,9-А,11-В
year,5-Б,3-Б,8-А,2-Г,7-Б,1-Б,3-Г,3-А,2-В,6-Б,6-А,8-Б,8-Г,11-А,2-А,7-А,5-А,2-Б,10-А,11-Б,8-В,4-А,7-В,3-В,1-А,9-А,11-В
year,5-Б,3-Б,8-А,2-Г,7-Б,1-Б,3-Г,3-А,2-В,6-Б,6-А,8-Б,8-Г,11-А,2-А,7-А,5-А,2-Б,10-А,11-Б,8-В,4-А,7-В,3-В,1-А,9-А,11-В
year,5-Б,3-Б,8-А,2-Г,7-Б,1-Б,3-Г,3-А,2-В,6-Б,6-А,8-Б,8-Г,11-А,2-А,7-А,5-А,2-Б,10-А,11-Б,8-В,4-А,7-В,3-В,1-А,9-А,11-В
year,5-Б,3-Б,8-А,2-Г,7-Б,1-Б,3-Г,3-А,2-В,6-Б,6-А,8-Б,8-Г,11-А,2-А,7-А,5-А,2-Б,10-А,11-Б,8-В,4-А,7-В,3-В,1-А,9-А,11-В
year,5-Б,3-Б,8-А,2-Г,7-Б,1-Б,3-Г,3-А,2-В,6-Б,6-А,8-Б,8-Г,11-А,2-А,7-А,5-А,2-Б,10-А,11-Б,8-В,4-А,7-В,3-В,1-А,9-А,11-В
year,5-Б,3-Б,8-А,2-Г,7-Б,1-Б,3-Г,3-А,2-В,6-Б,6-А,8-Б,8-Г,11-А,2-А,7-А,5-А,2-Б,10-А,11-Б,8-В,4-А,7-В,3-В,1-А,9-А,11-В
year,5-Б,3-Б,8-А,2-Г,7-Б,1-Б,3-Г,3-А,2-В,6-Б,6-А,8-Б,8-Г,11-А,2-А,7-А,5-А,2-Б,10-А,11-Б,8-В,4-А,7-В,3-В,1-А,9-А,11-В
year,5-Б,3-Б,8-А,2-Г,7-Б,1-Б,3-Г,3-А,2-В,6-Б,6-А,8-Б,8-Г,11-А,2-А,7-А,5-А,2-Б,10-А,11-Б,8-В,4-А,7-В,3-В,1-А,9-А,11-В
year,5-Б,3-Б,8-А,2-Г,7-Б,1-Б,3-Г,3-А,2-В,6-Б,6-А,8-Б,8-Г,11-А,2-А,7-А,5-А,2-Б,10-А,11-Б,8-В,4-А,7-В,3-В,1-А,9-А,11-В
year,5-Б,3-Б,8-А,2-Г,7-Б,1-Б,3-Г,3-А,2-В,6-Б,6-А,8-Б,8-Г,11-А,2-А,7-А,5-А,2-Б,10-А,11-Б,8-В,4-А,7-В,3-В,1-А,9-А,11-В
year,5-Б,3-Б,8-А,2-Г,7-Б,1-Б,3-Г,3-А,2-В,6-Б,6-А,8-Б,8-Г,11-А,2-А,7-А,5-А,2-Б,10-А,11-Б,8-В,4-А,7-В,3-В,1-А,9-А,11-В
year,5-Б,3-Б,8-А,2-Г,7-Б,1-Б,3-Г,3-А,2-В,6-Б,6-А,8-Б,8-Г,11-А,2-А,7-А,5-А,2-Б,10-А,11-Б,8-В,4-А,7-В,3-В,1-А,9-А,11-В
year,5-Б,3-Б,8-А,2-Г,7-Б,1-Б,3-Г,3-А,2-В,6-Б,6-А,8-Б,8-Г,11-А,2-А,7-А,5-А,2-Б,10-А,11-Б,8-В,4-А,7-В,3-В,1-А,9-А,11-В
year,5-Б,3-Б,8-А,2-Г,7-Б,1-Б,3-Г,3-А,2-В,6-Б,6-А,8-Б,8-Г,11-А,2-А,7-А,5-А,2-Б,10-А,11-Б,8-В,4-А,7-В,3-В,1-А,9-А,11-В
year,5-Б,3-Б,8-А,2-Г,7-Б,1-Б,3-Г,3-А,2-В,6-Б,6-А,8-Б,8-Г,11-А,2-А,7-А,5-А,2-Б,10-А,11-Б,8-В,4-А,7-В,3-В,1-А,9-А,11-В
year,5-Б,3-Б,8-А,2-Г,7-Б,1-Б,3-Г,3-А,2-В,6-Б,6-А,8-Б,8-Г,11-А,2-А,7-А,5-А,2-Б,10-А,11-Б,8-В,4-А,7-В,3-В,1-А,9-А,11-В
year,5-Б,3-Б,8-А,2-Г,7-Б,1-Б,3-Г,3-А,2-В,6-Б,6-А,8-Б,8-Г,11-А,2-А,7-А,5-А,2-Б,10-А,11-Б,8-В,4-А,7-В,3-В,1-А,9-А,11-В
year,5-Б,3-Б,8-А,2-Г,7-Б,1-Б,3-Г,3-А,2-В,6-Б,6-А,8-Б,8-Г,11-А,2-А,7-А,5-А,2-Б,10-А,11-Б,8-В,4-А,7-В,3-В,1-А,9-А,11-В
year,5-Б,3-Б,8-А,2-Г,7-Б,1-Б,3-Г,3-А,2-В,6-Б,6-А,8-Б,8-Г,11-А,2-А,7-А,5-А,2-Б,10-А,11-Б,8-В,4-А,7-В,3-В,1-А,9-А,11-В
year,5-Б,3-Б,8-А,2-Г,7-Б,1-Б,3-Г,3-А,2-В,6-Б,6-А,8-Б,8-Г,11-А,2-А,7-А,5-А,2-Б,10-А,11-Б,8-В,4-А,7-В,3-В,1-А,9-А,11-В
year,5-Б,3-Б,8-А,2-Г,7-Б,1-Б,3-Г,3-А,2-В,6-Б,6-А,8-Б,8-Г,11-А,2-А,7-А,5-А,2-Б,10-А,11-Б,8-В,4-А,7-В,3-В,1-А,9-А,11-В
year,5-Б,3-Б,8-А,2-Г,7-Б,1-Б,3-Г,3-А,2-В,6-Б,6-А,8-Б,8-Г,11-А,2-А,7-А,5-А,2-Б,10-А,11-Б,8-В,4-А,7-В,3-В,1-А,9-А,11-В
year,5-Б,3-Б,8-А,2-Г,7-Б,1-Б,3-Г,3-А,2-В,6-Б,6-А,8-Б,8-Г,11-А,2-А,7-А,5-А,2-Б,10-А,11-Б,8-В,4-А,7-В,3-В,1-А,9-А,11-В
year,5-Б,3-Б,8-А,2-Г,7-Б,1-Б,3-Г,3-А,2-В,6-Б,6-А,8-Б,8-Г,11-А,2-А,7-А,5-А,2-Б,10-А,11-Б,8-В,4-А,7-В,3-В,1-А,9-А,11-В
year,5-Б,3-Б,8-А,2-Г,7-Б,1-Б,3-Г,3-А,2-В,6-Б,6-А,8-Б,8-Г,11-А,2-А,7-А,5-А,2-Б,10-А,11-Б,8-В,4-А,7-В,3-В,1-А,9-А,11-В
year,5-Б,3-Б,8-А,2-Г,7-Б,1-Б,3-Г,3-А,2-В,6-Б,6-А,8-Б,8-Г,11-А,2-А,7-А,5-А,2-Б,10-А,11-Б,8-В,4-А,7-В,3-В,1-А,9-А,11-В
year,5-Б,3-Б,8-А,2-Г,7-Б,1-Б,3-Г,3-А,2-В,6-Б,6-А,8-Б,8-Г,11-А,2-А,7-А,5-А,2-Б,10-А,11-Б,8-В,4-А,7-В,3-В,1-А,9-А,11-В
year,5-Б,3-Б,8-А,2-Г,7-Б,1-Б,3-Г,3-А,2-В,6-Б,6-А,8-Б,8-Г,11-А,2-А,7-А,5-А,2-Б,10-А,11-Б,8-В,4-А,7-В,3-В,1-А,9-А,11-В
year,5-Б,3-Б,8-А,2-Г,7-Б,1-Б,3-Г,3-А,2-В,6-Б,6-А,8-Б,8-Г,11-А,2-А,7-А,5-А,2-Б,10-А,11-Б,8-В,4-А,7-В,3-В,1-А,9-А,11-В
year,5-Б,3-Б,8-А,2-Г,7-Б,1-Б,3-Г,3-А,2-В,6-Б,6-А,8-Б,8-Г,11-А,2-А,7-А,5-А,2-Б,10-А,11-Б,8-В,4-А,7-В,3-В,1-А,9-А,11-В
year,5-Б,3-Б,8-А,2-Г,7-Б,1-Б,3-Г,3-А,2-В,6-Б,6-А,8-Б,8-Г,11-А,2-А,7-А,5-А,2-Б,10-А,11-Б,8-В,4-А,7-В,3-В,1-А,9-А,11-В
year,5-Б,3-Б,8-А,2-Г,7-Б,1-Б,3-Г,3-А,2-В,6-Б,6-А,8-Б,8-Г,11-А,2-А,7-А,5-А,2-Б,10-А,11-Б,8-В,4-А,7-В,3-В,1-А,9-А,11-В
year,5-Б,3-Б,8-А,2-Г,7-Б,1-Б,3-Г,3-А,2-В,6-Б,6-А,8-Б,8-Г,11-А,2-А,7-А,5-А,2-Б,10-А,11-Б,8-В,4-А,7-В,3-В,1-А,9-А,11-В
year,5-Б,3-Б,8-А,2-Г,7-Б,1-Б,3-Г,3-А,2-В,6-Б,6-А,8-Б,8-Г,11-А,2-А,7-А,5-А,2-Б,10-А,11-Б,8-В,4-А,7-В,3-В,1-А,9-А,11-В
year,5-Б,3-Б,8-А,2-Г,7-Б,1-Б,3-Г,3-А,2-В,6-Б,6-А,8-Б,8-Г,11-А,2-А,7-А,5-А,2-Б,10-А,11-Б,8-В,4-А,7-В,3-В,1-А,9-А,11-В
year,5-Б,3-Б,8-А,2-Г,7-Б,1-Б,3-Г,3-А,2-В,6-Б,6-А,8-Б,8-Г,11-А,2-А,7-А,5-А,2-Б,10-А,11-Б,8-В,4-А,7-В,3-В,1-А,9-А,11-В
year,5-Б,3-Б,8-А,2-Г,7-Б,1-Б,3-Г,3-А,2-В,6-Б,6-А,8-Б,8-Г,11-А,2-А,7-А,5-А,2-Б,10-А,11-Б,8-В,4-А,7-В,3-В,1-А,9-А,11-В
year,5-Б,3-Б,8-А,2-Г,7-Б,1-Б,3-Г,3-А,2-В,6-Б,6-А,8-Б,8-Г,11-А,2-А,7-А,5-А,2-Б,10-А,11-Б,8-В,4-А,7-В,3-В,1-А,9-А,11-В
year,5-Б,3-Б,8-А,2-Г,7-Б,1-Б,3-Г,3-А,2-В,6-Б,6-А,8-Б,8-Г,11-А,2-А,7-А,5-А,2-Б,10-А,11-Б,8-В,4-А,7-В,3-В,1-А,9-А,11-В
year,5-Б,3-Б,8-А,2-Г,7-Б,1-Б,3-Г,3-А,2-В,6-Б,6-А,8-Б,8-Г,11-А,2-А,7-А,5-А,2-Б,10-А,11-Б,8-В,4-А,7-В,3-В,1-А,9-А,11-В
year,5-Б,3-Б,8-А,2-Г,7-Б,1-Б,3-Г,3-А,2-В,6-Б,6-А,8-Б,8-Г,11-А,2-А,7-А,5-А,2-Б,10-А,11-Б,8-В,4-А,7-В,3-В,1-А,9-А,11-В
year,5-Б,3-Б,8-А,2-Г,7-Б,1-Б,3-Г,3-А,2-В,6-Б,6-А,8-Б,8-Г,11-А,2-А,7-А,5-А,2-Б,10-А,11-Б,8-В,4-А,7-В,3-В,1-А,9-А,11-В
year,5-Б,3-Б,8-А,2-Г,7-Б,1-Б,3-Г,3-А,2-В,6-Б,6-А,8-Б,8-Г,11-А,2-А,7-А,5-А,2-Б,10-А,11-Б,8-В,4-А,7-В,3-В,1-А,9-А,11-В
year,5-Б,3-Б,8-А,2-Г,7-Б,1-Б,3-Г,3-А,2-В,6-Б,6-А,8-Б,8-Г,11-А,2-А,7-А,5-А,2-Б,10-А,11-Б,8-В,4-А,7-В,3-В,1-А,9-А,11-В
year,5-Б,3-Б,8-А,2-Г,7-Б,1-Б,3-Г,3-А,2-В,6-Б,6-А,8-Б,8-Г,11-А,2-А,7-А,5-А,2-Б,10-А,11-Б,8-В,4-А,7-В,3-В,1-А,9-А,11-В
year,5-Б,3-Б,8-А,2-Г,7-Б,1-Б,3-Г,3-А,2-В,6-Б,6-А,8-Б,8-Г,11-А,2-А,7-А,5-А,2-Б,10-А,11-Б,8-В,4-А,7-В,3-В,1-А,9-А,11-В
year,5-Б,3-Б,8-А,2-Г,7-Б,1-Б,3-Г,3-А,2-В,6-Б,6-А,8-Б,8-Г,11-А,2-А,7-А,5-А,2-Б,10-А,11-Б,8-В,4-А,7-В,3-В,1-А,9-А,11-В
year,5-Б,3-Б,8-А,2-Г,7-Б,1-Б,3-Г,3-А,2-В,6-Б,6-А,8-Б,8-Г,11-А,2-А,7-А,5-А,2-Б,10-А,11-Б,8-В,4-А,7-В,3-В,1-А,9-А,11-В
year,5-Б,3-Б,8-А,2-Г,7-Б,1-Б,3-Г,3-А,2-В,6-Б,6-А,8-Б,8-Г,11-А,2-А,7-А,5-А,2-Б,10-А,11-Б,8-В,4-А,7-В,3-В,1-А,9-А,11-В
year,5-Б,3-Б,8-А,2-Г,7-Б,1-Б,3-Г,3-А,2-В,6-Б,6-А,8-Б,8-Г,11-А,2-А,7-А,5-А,2-Б,10-А,11-Б,8-В,4-А,7-В,3-В,1-А,9-А,11-В
year,5-Б,3-Б,8-А,2-Г,7-Б,1-Б,3-Г,3-А,2-В,6-Б,6-А,8-Б,8-Г,11-А,2-А,7-А,5-А,2-Б,10-А,11-Б,8-В,4-А,7-В,3-В,1-А,9-А,11-В
year,5-Б,3-Б,8-А,2-Г,7-Б,1-Б,3-Г,3-А,2-В,6-Б,6-А,8-Б,8-Г,11-А,2-А,7-А,5-А,2-Б,10-А,11-Б,8-В,4-А,7-В,3-В,1-А,9-А,11-В
year,5-Б,3-Б,8-А,2-Г,7-Б,1-Б,3-Г,3-А,2-В,6-Б,6-А,8-Б,8-Г,11-А,2-А,7-А,5-А,2-Б,10-А,11-Б,8-В,4-А,7-В,3-В,1-А,9-А,11-В
year,5-Б,3-Б,8-А,2-Г,7-Б,1-Б,3-Г,3-А,2-В,6-Б,6-А,8-Б,8-Г,11-А,2-А,7-А,5-А,2-Б,10-А,11-Б,8-В,4-А,7-В,3-В,1-А,9-А,11-В
year,5-Б,3-Б,8-А,2-Г,7-Б,1-Б,3-Г,3-А,2-В,6-Б,6-А,8-Б,8-Г,11-А,2-А,7-А,5-А,2-Б,10-А,11-Б,8-В,4-А,7-В,3-В,1-А,9-А,11-В
year,5-Б,3-Б,8-А,2-Г,7-Б,1-Б,3-Г,3-А,2-В,6-Б,6-А,8-Б,8-Г,11-А,2-А,7-А,5-А,2-Б,10-А,11-Б,8-В,4-А,7-В,3-В,1-А,9-А,11-В
year,5-Б,3-Б,8-А,2-Г,7-Б,1-Б,3-Г,3-А,2-В,6-Б,6-А,8-Б,8-Г,11-А,2-А,7-А,5-А,2-Б,10-А,11-Б,8-В,4-А,7-В,3-В,1-А,9-А,11-В
year,5-Б,3-Б,8-А,2-Г,7-Б,1-Б,3-Г,3-А,2-В,6-Б,6-А,8-Б,8-Г,11-А,2-А,7-А,5-А,2-Б,10-А,11-Б,8-В,4-А,7-В,3-В,1-А,9-А,11-В
year,5-Б,3-Б,8-А,2-Г,7-Б,1-Б,3-Г,3-А,2-В,6-Б,6-А,8-Б,8-Г,11-А,2-А,7-А,5-А,2-Б,10-А,11-Б,8-В,4-А,7-В,3-В,1-А,9-А,11-В
year,5-Б,3-Б,8-А,2-Г,7-Б,1-Б,3-Г,3-А,2-В,6-Б,6-А,8-Б,8-Г,11-А,2-А,7-А,5-А,2-Б,10-А,11-Б,8-В,4-А,7-В,3-В,1-А,9-А,11-В
year,5-Б,3-Б,8-А,2-Г,7-Б,1-Б,3-Г,3-А,2-В,6-Б,6-А,8-Б,8-Г,11-А,2-А,7-А,5-А,2-Б,10-А,11-Б,8-В,4-А,7-В,3-В,1-А,9-А,11-В
year,5-Б,3-Б,8-А,2-Г,7-Б,1-Б,3-Г,3-А,2-В,6-Б,6-А,8-Б,8-Г,11-А,2-А,7-А,5-А,2-Б,10-А,11-Б,8-В,4-А,7-В,3-В,1-А,9-А,11-В
year,5-Б,3-Б,8-А,2-Г,7-Б,1-Б,3-Г,3-А,2-В,6-Б,6-А,8-Б,8-Г,11-А,2-А,7-А,5-А,2-Б,10-А,11-Б,8-В,4-А,7-В,3-В,1-А,9-А,11-В
year,5-Б,3-Б,8-А,2-Г,7-Б,1-Б,3-Г,3-А,2-В,6-Б,6-А,8-Б,8-Г,11-А,2-А,7-А,5-А,2-Б,10-А,11-Б,8-В,4-А,7-В,3-В,1-А,9-А,11-В
year,5-Б,3-Б,8-А,2-Г,7-Б,1-Б,3-Г,3-А,2-В,6-Б,6-А,8-Б,8-Г,11-А,2-А,7-А,5-А,2-Б,10-А,11-Б,8-В,4-А,7-В,3-В,1-А,9-А,11-В
year,5-Б,3-Б,8-А,2-Г,7-Б,1-Б,3-Г,3-А,2-В,6-Б,6-А,8-Б,8-Г,11-А,2-А,7-А,5-А,2-Б,10-А,11-Б,8-В,4-А,7-В,3-В,1-А,9-А,11-В
year,5-Б,3-Б,8-А,2-Г,7-Б,1-Б,3-Г,3-А,2-В,6-Б,6-А,8-Б,8-Г,11-А,2-А,7-А,5-А,2-Б,10-А,11-Б,8-В,4-А,7-В,3-В,1-А,9-А,11-В
year,5-Б,3-Б,8-А,2-Г,7-Б,1-Б,3-Г,3-А,2-В,6-Б,6-А,8-Б,8-Г,11-А,2-А,7-А,5-А,2-Б,10-А,11-Б,8-В,4-А,7-В,3-В,1-А,9-А,11-В
year,5-Б,3-Б,8-А,2-Г,7-Б,1-Б,3-Г,3-А,2-В,6-Б,6-А,8-Б,8-Г,11-А,2-А,7-А,5-А,2-Б,10-А,11-Б,8-В,4-А,7-В,3-В,1-А,9-А,11-В
year,5-Б,3-Б,8-А,2-Г,7-Б,1-Б,3-Г,3-А,2-В,6-Б,6-А,8-Б,8-Г,11-А,2-А,7-А,5-А,2-Б,10-А,11-Б,8-В,4-А,7-В,3-В,1-А,9-А,11-В
year,5-Б,3-Б,8-А,2-Г,7-Б,1-Б,3-Г,3-А,2-В,6-Б,6-А,8-Б,8-Г,11-А,2-А,7-А,5-А,2-Б,10-А,11-Б,8-В,4-А,7-В,3-В,1-А,9-А,11-В
year,5-Б,3-Б,8-А,2-Г,7-Б,1-Б,3-Г,3-А,2-В,6-Б,6-А,8-Б,8-Г,11-А,2-А,7-А,5-А,2-Б,10-А,11-Б,8-В,4-А,7-В,3-В,1-А,9-А,11-В
year,5-Б,3-Б,8-А,2-Г,7-Б,1-Б,3-Г,3-А,2-В,6-Б,6-А,8-Б,8-Г,11-А,2-А,7-А,5-А,2-Б,10-А,11-Б,8-В,4-А,7-В,3-В,1-А,9-А,11-В
year,5-Б,3-Б,8-А,2-Г,7-Б,1-Б,3-Г,3-А,2-В,6-Б,6-А,8-Б,8-Г,11-А,2-А,7-А,5-А,2-Б,10-А,11-Б,8-В,4-А,7-В,3-В,1-А,9-А,11-В
year,5-Б,3-Б,8-А,2-Г,7-Б,1-Б,3-Г,3-А,2-В,6-Б,6-А,8-Б,8-Г,11-А,2-А,7-А,5-А,2-Б,10-А,11-Б,8-В,4-А,7-В,3-В,1-А,9-А,11-В
year,5-Б,3-Б,8-А,2-Г,7-Б,1-Б,3-Г,3-А,2-В,6-Б,6-А,8-Б,8-Г,11-А,2-А,7-А,5-А,2-Б,10-А,11-Б,8-В,4-А,7-В,3-В,1-А,9-А,11-В
year,5-Б,3-Б,8-А,2-Г,7-Б,1-Б,3-Г,3-А,2-В,6-Б,6-А,8-Б,8-Г,11-А,2-А,7-А,5-А,2-Б,10-А,11-Б,8-В,4-А,7-В,3-В,1-А,9-А,11-В
year,5-Б,3-Б,8-А,2-Г,7-Б,1-Б,3-Г,3-А,2-В,6-Б,6-А,8-Б,8-Г,11-А,2-А,7-А,5-А,2-Б,10-А,11-Б,8-В,4-А,7-В,3-В,1-А,9-А,11-В
year,5-Б,3-Б,8-А,2-Г,7-Б,1-Б,3-Г,3-А,2-В,6-Б,6-А,8-Б,8-Г,11-А,2-А,7-А,5-А,2-Б,10-А,11-Б,8-В,4-А,7-В,3-В,1-А,9-А,11-В
year,5-Б,3-Б,8-А,2-Г,7-Б,1-Б,3-Г,3-А,2-В,6-Б,6-А,8-Б,8-Г,11-А,2-А,7-А,5-А,2-Б,10-А,11-Б,8-В,4-А,7-В,3-В,1-А,9-А,11-В
year,5-Б,3-Б,8-А,2-Г,7-Б,1-Б,3-Г,3-А,2-В,6-Б,6-А,8-Б,8-Г,11-А,2-А,7-А,5-А,2-Б,10-А,11-Б,8-В,4-А,7-В,3-В,1-А,9-А,11-В
year,5-Б,3-Б,8-А,2-Г,7-Б,1-Б,3-Г,3-А,2-В,6-Б,6-А,8-Б,8-Г,11-А,2-А,7-А,5-А,2-Б,10-А,11-Б,8-В,4-А,7-В,3-В,1-А,9-А,11-В
year,5-Б,3-Б,8-А,2-Г,7-Б,1-Б,3-Г,3-А,2-В,6-Б,6-А,8-Б,8-Г,11-А,2-А,7-А,5-А,2-Б,10-А,11-Б,8-В,4-А,7-В,3-В,1-А,9-А,11-В
year,5-Б,3-Б,8-А,2-Г,7-Б,1-Б,3-Г,3-А,2-В,6-Б,6-А,8-Б,8-Г,11-А,2-А,7-А,5-А,2-Б,10-А,11-Б,8-В,4-А,7-В,3-В,1-А,9-А,11-В
year,5-Б,3-Б,8-А,2-Г,7-Б,1-Б,3-Г,3-А,2-В,6-Б,6-А,8-Б,8-Г,11-А,2-А,7-А,5-А,2-Б,10-А,11-Б,8-В,4-А,7-В,3-В,1-А,9-А,11-В
year,5-Б,3-Б,8-А,2-Г,7-Б,1-Б,3-Г,3-А,2-В,6-Б,6-А,8-Б,8-Г,11-А,2-А,7-А,5-А,2-Б,10-А,11-Б,8-В,4-А,7-В,3-В,1-А,9-А,11-В
year,5-Б,3-Б,8-А,2-Г,7-Б,1-Б,3-Г,3-А,2-В,6-Б,6-А,8-Б,8-Г,11-А,2-А,7-А,5-А,2-Б,10-А,11-Б,8-В,4-А,7-В,3-В,1-А,9-А,11-В
year,5-Б,3-Б,8-А,2-Г,7-Б,1-Б,3-Г,3-А,2-В,6-Б,6-А,8-Б,8-Г,11-А,2-А,7-А,5-А,2-Б,10-А,11-Б,8-В,4-А,7-В,3-В,1-А,9-А,11-В
year,5-Б,3-Б,8-А,2-Г,7-Б,1-Б,3-Г,3-А,2-В,6-Б,6-А,8-Б,8-Г,11-А,2-А,7-А,5-А,2-Б,10-А,11-Б,8-В,4-А,7-В,3-В,1-А,9-А,11-В
year,5-Б,3-Б,8-А,2-Г,7-Б,1-Б,3-Г,3-А,2-В,6-Б,6-А,8-Б,8-Г,11-А,2-А,7-А,5-А,2-Б,10-А,11-Б,8-В,4-А,7-В,3-В,1-А,9-А,11-В
year,5-Б,3-Б,8-А,2-Г,7-Б,1-Б,3-Г,3-А,2-В,6-Б,6-А,8-Б,8-Г,11-А,2-А,7-А,5-А,2-Б,10-А,11-Б,8-В,4-А,7-В,3-В,1-А,9-А,11-В
year,5-Б,3-Б,8-А,2-Г,7-Б,1-Б,3-Г,3-А,2-В,6-Б,6-А,8-Б,8-Г,11-А,2-А,7-А,5-А,2-Б,10-А,11-Б,8-В,4-А,7-В,3-В,1-А,9-А,11-В
year,5-Б,3-Б,8-А,2-Г,7-Б,1-Б,3-Г,3-А,2-В,6-Б,6-А,8-Б,8-Г,11-А,2-А,7-А,5-А,2-Б,10-А,11-Б,8-В,4-А,7-В,3-В,1-А,9-А,11-В
year,5-Б,3-Б,8-А,2-Г,7-Б,1-Б,3-Г,3-А,2-В,6-Б,6-А,8-Б,8-Г,11-А,2-А,7-А,5-А,2-Б,10-А,11-Б,8-В,4-А,7-В,3-В,1-А,9-А,11-В
year,5-Б,3-Б,8-А,2-Г,7-Б,1-Б,3-Г,3-А,2-В,6-Б,6-А,8-Б,8-Г,11-А,2-А,7-А,5-А,2-Б,10-А,11-Б,8-В,4-А,7-В,3-В,1-А,9-А,11-В
year,5-Б,3-Б,8-А,2-Г,7-Б,1-Б,3-Г,3-А,2-В,6-Б,6-А,8-Б,8-Г,11-А,2-А,7-А,5-А,2-Б,10-А,11-Б,8-В,4-А,7-В,3-В,1-А,9-А,11-В
year,5-Б,3-Б,8-А,2-Г,7-Б,1-Б,3-Г,3-А,2-В,6-Б,6-А,8-Б,8-Г,11-А,2-А,7-А,5-А,2-Б,10-А,11-Б,8-В,4-А,7-В,3-В,1-А,9-А,11-В
year,5-Б,3-Б,8-А,2-Г,7-Б,1-Б,3-Г,3-А,2-В,6-Б,6-А,8-Б,8-Г,11-А,2-А,7-А,5-А,2-Б,10-А,11-Б,8-В,4-А,7-В,3-В,1-А,9-А,11-В
year,5-Б,3-Б,8-А,2-Г,7-Б,1-Б,3-Г,3-А,2-В,6-Б,6-А,8-Б,8-Г,11-А,2-А,7-А,5-А,2-Б,10-А,11-Б,8-В,4-А,7-В,3-В,1-А,9-А,11-В
year,5-Б,3-Б,8-А,2-Г,7-Б,1-Б,3-Г,3-А,2-В,6-Б,6-А,8-Б,8-Г,11-А,2-А,7-А,5-А,2-Б,10-А,11-Б,8-В,4-А,7-В,3-В,1-А,9-А,11-В
year,5-Б,3-Б,8-А,2-Г,7-Б,1-Б,3-Г,3-А,2-В,6-Б,6-А,8-Б,8-Г,11-А,2-А,7-А,5-А,2-Б,10-А,11-Б,8-В,4-А,7-В,3-В,1-А,9-А,11-В
year,5-Б,3-Б,8-А,2-Г,7-Б,1-Б,3-Г,3-А,2-В,6-Б,6-А,8-Б,8-Г,11-А,2-А,7-А,5-А,2-Б,10-А,11-Б,8-В,4-А,7-В,3-В,1-А,9-А,11-В
year,5-Б,3-Б,8-А,2-Г,7-Б,1-Б,3-Г,3-А,2-В,6-Б,6-А,8-Б,8-Г,11-А,2-А,7-А,5-А,2-Б,10-А,11-Б,8-В,4-А,7-В,3-В,1-А,9-А,11-В
year,5-Б,3-Б,8-А,2-Г,7-Б,1-Б,3-Г,3-А,2-В,6-Б,6-А,8-Б,8-Г,11-А,2-А,7-А,5-А,2-Б,10-А,11-Б,8-В,4-А,7-В,3-В,1-А,9-А,11-В
year,5-Б,3-Б,8-А,2-Г,7-Б,1-Б,3-Г,3-А,2-В,6-Б,6-А,8-Б,8-Г,11-А,2-А,7-А,5-А,2-Б,10-А,11-Б,8-В,4-А,7-В,3-В,1-А,9-А,11-В
year,5-Б,3-Б,8-А,2-Г,7-Б,1-Б,3-Г,3-А,2-В,6-Б,6-А,8-Б,8-Г,11-А,2-А,7-А,5-А,2-Б,10-А,11-Б,8-В,4-А,7-В,3-В,1-А,9-А,11-В
year,5-Б,3-Б,8-А,2-Г,7-Б,1-Б,3-Г,3-А,2-В,6-Б,6-А,8-Б,8-Г,11-А,2-А,7-А,5-А,2-Б,10-А,11-Б,8-В,4-А,7-В,3-В,1-А,9-А,11-В
year,5-Б,3-Б,8-А,2-Г,7-Б,1-Б,3-Г,3-А,2-В,6-Б,6-А,8-Б,8-Г,11-А,2-А,7-А,5-А,2-Б,10-А,11-Б,8-В,4-А,7-В,3-В,1-А,9-А,11-В
year,5-Б,3-Б,8-А,2-Г,7-Б,1-Б,3-Г,3-А,2-В,6-Б,6-А,8-Б,8-Г,11-А,2-А,7-А,5-А,2-Б,10-А,11-Б,8-В,4-А,7-В,3-В,1-А,9-А,11-В
year,5-Б,3-Б,8-А,2-Г,7-Б,1-Б,3-Г,3-А,2-В,6-Б,6-А,8-Б,8-Г,11-А,2-А,7-А,5-А,2-Б,10-А,11-Б,8-В,4-А,7-В,3-В,1-А,9-А,11-В
year,5-Б,3-Б,8-А,2-Г,7-Б,1-Б,3-Г,3-А,2-В,6-Б,6-А,8-Б,8-Г,11-А,2-А,7-А,5-А,2-Б,10-А,11-Б,8-В,4-А,7-В,3-В,1-А,9-А,11-В
year,5-Б,3-Б,8-А,2-Г,7-Б,1-Б,3-Г,3-А,2-В,6-Б,6-А,8-Б,8-Г,11-А,2-А,7-А,5-А,2-Б,10-А,11-Б,8-В,4-А,7-В,3-В,1-А,9-А,11-В
year,5-Б,3-Б,8-А,2-Г,7-Б,1-Б,3-Г,3-А,2-В,6-Б,6-А,8-Б,8-Г,11-А,2-А,7-А,5-А,2-Б,10-А,11-Б,8-В,4-А,7-В,3-В,1-А,9-А,11-В
year,5-Б,3-Б,8-А,2-Г,7-Б,1-Б,3-Г,3-А,2-В,6-Б,6-А,8-Б,8-Г,11-А,2-А,7-А,5-А,2-Б,10-А,11-Б,8-В,4-А,7-В,3-В,1-А,9-А,11-В
year,5-Б,3-Б,8-А,2-Г,7-Б,1-Б,3-Г,3-А,2-В,6-Б,6-А,8-Б,8-Г,11-А,2-А,7-А,5-А,2-Б,10-А,11-Б,8-В,4-А,7-В,3-В,1-А,9-А,11-В
year,5-Б,3-Б,8-А,2-Г,7-Б,1-Б,3-Г,3-А,2-В,6-Б,6-А,8-Б,8-Г,11-А,2-А,7-А,5-А,2-Б,10-А,11-Б,8-В,4-А,7-В,3-В,1-А,9-А,11-В
year,5-Б,3-Б,8-А,2-Г,7-Б,1-Б,3-Г,3-А,2-В,6-Б,6-А,8-Б,8-Г,11-А,2-А,7-А,5-А,2-Б,10-А,11-Б,8-В,4-А,7-В,3-В,1-А,9-А,11-В
year,5-Б,3-Б,8-А,2-Г,7-Б,1-Б,3-Г,3-А,2-В,6-Б,6-А,8-Б,8-Г,11-А,2-А,7-А,5-А,2-Б,10-А,11-Б,8-В,4-А,7-В,3-В,1-А,9-А,11-В
year,5-Б,3-Б,8-А,2-Г,7-Б,1-Б,3-Г,3-А,2-В,6-Б,6-А,8-Б,8-Г,11-А,2-А,7-А,5-А,2-Б,10-А,11-Б,8-В,4-А,7-В,3-В,1-А,9-А,11-В
year,5-Б,3-Б,8-А,2-Г,7-Б,1-Б,3-Г,3-А,2-В,6-Б,6-А,8-Б,8-Г,11-А,2-А,7-А,5-А,2-Б,10-А,11-Б,8-В,4-А,7-В,3-В,1-А,9-А,11-В
year,5-Б,3-Б,8-А,2-Г,7-Б,1-Б,3-Г,3-А,2-В,6-Б,6-А,8-Б,8-Г,11-А,2-А,7-А,5-А,2-Б,10-А,11-Б,8-В,4-А,7-В,3-В,1-А,9-А,11-В
year,5-Б,3-Б,8-А,2-Г,7-Б,1-Б,3-Г,3-А,2-В,6-Б,6-А,8-Б,8-Г,11-А,2-А,7-А,5-А,2-Б,10-А,11-Б,8-В,4-А,7-В,3-В,1-А,9-А,11-В
year,5-Б,3-Б,8-А,2-Г,7-Б,1-Б,3-Г,3-А,2-В,6-Б,6-А,8-Б,8-Г,11-А,2-А,7-А,5-А,2-Б,10-А,11-Б,8-В,4-А,7-В,3-В,1-А,9-А,11-В
year,5-Б,3-Б,8-А,2-Г,7-Б,1-Б,3-Г,3-А,2-В,6-Б,6-А,8-Б,8-Г,11-А,2-А,7-А,5-А,2-Б,10-А,11-Б,8-В,4-А,7-В,3-В,1-А,9-А,11-В
year,5-Б,3-Б,8-А,2-Г,7-Б,1-Б,3-Г,3-А,2-В,6-Б,6-А,8-Б,8-Г,11-А,2-А,7-А,5-А,2-Б,10-А,11-Б,8-В,4-А,7-В,3-В,1-А,9-А,11-В
year,5-Б,3-Б,8-А,2-Г,7-Б,1-Б,3-Г,3-А,2-В,6-Б,6-А,8-Б,8-Г,11-А,2-А,7-А,5-А,2-Б,10-А,11-Б,8-В,4-А,7-В,3-В,1-А,9-А,11-В
year,5-Б,3-Б,8-А,2-Г,7-Б,1-Б,3-Г,3-А,2-В,6-Б,6-А,8-Б,8-Г,11-А,2-А,7-А,5-А,2-Б,10-А,11-Б,8-В,4-А,7-В,3-В,1-А,9-А,11-В
year,5-Б,3-Б,8-А,2-Г,7-Б,1-Б,3-Г,3-А,2-В,6-Б,6-А,8-Б,8-Г,11-А,2-А,7-А,5-А,2-Б,10-А,11-Б,8-В,4-А,7-В,3-В,1-А,9-А,11-В
year,5-Б,3-Б,8-А,2-Г,7-Б,1-Б,3-Г,3-А,2-В,6-Б,6-А,8-Б,8-Г,11-А,2-А,7-А,5-А,2-Б,10-А,11-Б,8-В,4-А,7-В,3-В,1-А,9-А,11-В
year,5-Б,3-Б,8-А,2-Г,7-Б,1-Б,3-Г,3-А,2-В,6-Б,6-А,8-Б,8-Г,11-А,2-А,7-А,5-А,2-Б,10-А,11-Б,8-В,4-А,7-В,3-В,1-А,9-А,11-В
year,5-Б,3-Б,8-А,2-Г,7-Б,1-Б,3-Г,3-А,2-В,6-Б,6-А,8-Б,8-Г,11-А,2-А,7-А,5-А,2-Б,10-А,11-Б,8-В,4-А,7-В,3-В,1-А,9-А,11-В
year,5-Б,3-Б,8-А,2-Г,7-Б,1-Б,3-Г,3-А,2-В,6-Б,6-А,8-Б,8-Г,11-А,2-А,7-А,5-А,2-Б,10-А,11-Б,8-В,4-А,7-В,3-В,1-А,9-А,11-В
year,5-Б,3-Б,8-А,2-Г,7-Б,1-Б,3-Г,3-А,2-В,6-Б,6-А,8-Б,8-Г,11-А,2-А,7-А,5-А,2-Б,10-А,11-Б,8-В,4-А,7-В,3-В,1-А,9-А,11-В
year,5-Б,3-Б,8-А,2-Г,7-Б,1-Б,3-Г,3-А,2-В,6-Б,6-А,8-Б,8-Г,11-А,2-А,7-А,5-А,2-Б,10-А,11-Б,8-В,4-А,7-В,3-В,1-А,9-А,11-В
year,5-Б,3-Б,8-А,2-Г,7-Б,1-Б,3-Г,3-А,2-В,6-Б,6-А,8-Б,8-Г,11-А,2-А,7-А,5-А,2-Б,10-А,11-Б,8-В,4-А,7-В,3-В,1-А,9-А,11-В
year,5-Б,3-Б,8-А,2-Г,7-Б,1-Б,3-Г,3-А,2-В,6-Б,6-А,8-Б,8-Г,11-А,2-А,7-А,5-А,2-Б,10-А,11-Б,8-В,4-А,7-В,3-В,1-А,9-А,11-В
year,5-Б,3-Б,8-А,2-Г,7-Б,1-Б,3-Г,3-А,2-В,6-Б,6-А,8-Б,8-Г,11-А,2-А,7-А,5-А,2-Б,10-А,11-Б,8-В,4-А,7-В,3-В,1-А,9-А,11-В
year,5-Б,3-Б,8-А,2-Г,7-Б,1-Б,3-Г,3-А,2-В,6-Б,6-А,8-Б,8-Г,11-А,2-А,7-А,5-А,2-Б,10-А,11-Б,8-В,4-А,7-В,3-В,1-А,9-А,11-В
year,5-Б,3-Б,8-А,2-Г,7-Б,1-Б,3-Г,3-А,2-В,6-Б,6-А,8-Б,8-Г,11-А,2-А,7-А,5-А,2-Б,10-А,11-Б,8-В,4-А,7-В,3-В,1-А,9-А,11-В
year,5-Б,3-Б,8-А,2-Г,7-Б,1-Б,3-Г,3-А,2-В,6-Б,6-А,8-Б,8-Г,11-А,2-А,7-А,5-А,2-Б,10-А,11-Б,8-В,4-А,7-В,3-В,1-А,9-А,11-В
year,5-Б,3-Б,8-А,2-Г,7-Б,1-Б,3-Г,3-А,2-В,6-Б,6-А,8-Б,8-Г,11-А,2-А,7-А,5-А,2-Б,10-А,11-Б,8-В,4-А,7-В,3-В,1-А,9-А,11-В
year,5-Б,3-Б,8-А,2-Г,7-Б,1-Б,3-Г,3-А,2-В,6-Б,6-А,8-Б,8-Г,11-А,2-А,7-А,5-А,2-Б,10-А,11-Б,8-В,4-А,7-В,3-В,1-А,9-А,11-В
year,5-Б,3-Б,8-А,2-Г,7-Б,1-Б,3-Г,3-А,2-В,6-Б,6-А,8-Б,8-Г,11-А,2-А,7-А,5-А,2-Б,10-А,11-Б,8-В,4-А,7-В,3-В,1-А,9-А,11-В
year,5-Б,3-Б,8-А,2-Г,7-Б,1-Б,3-Г,3-А,2-В,6-Б,6-А,8-Б,8-Г,11-А,2-А,7-А,5-А,2-Б,10-А,11-Б,8-В,4-А,7-В,3-В,1-А,9-А,11-В
year,5-Б,3-Б,8-А,2-Г,7-Б,1-Б,3-Г,3-А,2-В,6-Б,6-А,8-Б,8-Г,11-А,2-А,7-А,5-А,2-Б,10-А,11-Б,8-В,4-А,7-В,3-В,1-А,9-А,11-В
year,5-Б,3-Б,8-А,2-Г,7-Б,1-Б,3-Г,3-А,2-В,6-Б,6-А,8-Б,8-Г,11-А,2-А,7-А,5-А,2-Б,10-А,11-Б,8-В,4-А,7-В,3-В,1-А,9-А,11-В
year,5-Б,3-Б,8-А,2-Г,7-Б,1-Б,3-Г,3-А,2-В,6-Б,6-А,8-Б,8-Г,11-А,2-А,7-А,5-А,2-Б,10-А,11-Б,8-В,4-А,7-В,3-В,1-А,9-А,11-В
year,5-Б,3-Б,8-А,2-Г,7-Б,1-Б,3-Г,3-А,2-В,6-Б,6-А,8-Б,8-Г,11-А,2-А,7-А,5-А,2-Б,10-А,11-Б,8-В,4-А,7-В,3-В,1-А,9-А,11-В
year,5-Б,3-Б,8-А,2-Г,7-Б,1-Б,3-Г,3-А,2-В,6-Б,6-А,8-Б,8-Г,11-А,2-А,7-А,5-А,2-Б,10-А,11-Б,8-В,4-А,7-В,3-В,1-А,9-А,11-В
year,5-Б,3-Б,8-А,2-Г,7-Б,1-Б,3-Г,3-А,2-В,6-Б,6-А,8-Б,8-Г,11-А,2-А,7-А,5-А,2-Б,10-А,11-Б,8-В,4-А,7-В,3-В,1-А,9-А,11-В
year,5-Б,3-Б,8-А,2-Г,7-Б,1-Б,3-Г,3-А,2-В,6-Б,6-А,8-Б,8-Г,11-А,2-А,7-А,5-А,2-Б,10-А,11-Б,8-В,4-А,7-В,3-В,1-А,9-А,11-В
year,5-Б,3-Б,8-А,2-Г,7-Б,1-Б,3-Г,3-А,2-В,6-Б,6-А,8-Б,8-Г,11-А,2-А,7-А,5-А,2-Б,10-А,11-Б,8-В,4-А,7-В,3-В,1-А,9-А,11-В
year,5-Б,3-Б,8-А,2-Г,7-Б,1-Б,3-Г,3-А,2-В,6-Б,6-А,8-Б,8-Г,11-А,2-А,7-А,5-А,2-Б,10-А,11-Б,8-В,4-А,7-В,3-В,1-А,9-А,11-В
year,5-Б,3-Б,8-А,2-Г,7-Б,1-Б,3-Г,3-А,2-В,6-Б,6-А,8-Б,8-Г,11-А,2-А,7-А,5-А,2-Б,10-А,11-Б,8-В,4-А,7-В,3-В,1-А,9-А,11-В
year,5-Б,3-Б,8-А,2-Г,7-Б,1-Б,3-Г,3-А,2-В,6-Б,6-А,8-Б,8-Г,11-А,2-А,7-А,5-А,2-Б,10-А,11-Б,8-В,4-А,7-В,3-В,1-А,9-А,11-В
year,5-Б,3-Б,8-А,2-Г,7-Б,1-Б,3-Г,3-А,2-В,6-Б,6-А,8-Б,8-Г,11-А,2-А,7-А,5-А,2-Б,10-А,11-Б,8-В,4-А,7-В,3-В,1-А,9-А,11-В
year,5-Б,3-Б,8-А,2-Г,7-Б,1-Б,3-Г,3-А,2-В,6-Б,6-А,8-Б,8-Г,11-А,2-А,7-А,5-А,2-Б,10-А,11-Б,8-В,4-А,7-В,3-В,1-А,9-А,11-В
year,5-Б,3-Б,8-А,2-Г,7-Б,1-Б,3-Г,3-А,2-В,6-Б,6-А,8-Б,8-Г,11-А,2-А,7-А,5-А,2-Б,10-А,11-Б,8-В,4-А,7-В,3-В,1-А,9-А,11-В
year,5-Б,3-Б,8-А,2-Г,7-Б,1-Б,3-Г,3-А,2-В,6-Б,6-А,8-Б,8-Г,11-А,2-А,7-А,5-А,2-Б,10-А,11-Б,8-В,4-А,7-В,3-В,1-А,9-А,11-В
year,5-Б,3-Б,8-А,2-Г,7-Б,1-Б,3-Г,3-А,2-В,6-Б,6-А,8-Б,8-Г,11-А,2-А,7-А,5-А,2-Б,10-А,11-Б,8-В,4-А,7-В,3-В,1-А,9-А,11-В
year,5-Б,3-Б,8-А,2-Г,7-Б,1-Б,3-Г,3-А,2-В,6-Б,6-А,8-Б,8-Г,11-А,2-А,7-А,5-А,2-Б,10-А,11-Б,8-В,4-А,7-В,3-В,1-А,9-А,11-В
year,5-Б,3-Б,8-А,2-Г,7-Б,1-Б,3-Г,3-А,2-В,6-Б,6-А,8-Б,8-Г,11-А,2-А,7-А,5-А,2-Б,10-А,11-Б,8-В,4-А,7-В,3-В,1-А,9-А,11-В
year,5-Б,3-Б,8-А,2-Г,7-Б,1-Б,3-Г,3-А,2-В,6-Б,6-А,8-Б,8-Г,11-А,2-А,7-А,5-А,2-Б,10-А,11-Б,8-В,4-А,7-В,3-В,1-А,9-А,11-В
year,5-Б,3-Б,8-А,2-Г,7-Б,1-Б,3-Г,3-А,2-В,6-Б,6-А,8-Б,8-Г,11-А,2-А,7-А,5-А,2-Б,10-А,11-Б,8-В,4-А,7-В,3-В,1-А,9-А,11-В
year,5-Б,3-Б,8-А,2-Г,7-Б,1-Б,3-Г,3-А,2-В,6-Б,6-А,8-Б,8-Г,11-А,2-А,7-А,5-А,2-Б,10-А,11-Б,8-В,4-А,7-В,3-В,1-А,9-А,11-В
year,5-Б,3-Б,8-А,2-Г,7-Б,1-Б,3-Г,3-А,2-В,6-Б,6-А,8-Б,8-Г,11-А,2-А,7-А,5-А,2-Б,10-А,11-Б,8-В,4-А,7-В,3-В,1-А,9-А,11-В
year,5-Б,3-Б,8-А,2-Г,7-Б,1-Б,3-Г,3-А,2-В,6-Б,6-А,8-Б,8-Г,11-А,2-А,7-А,5-А,2-Б,10-А,11-Б,8-В,4-А,7-В,3-В,1-А,9-А,11-В
year,5-Б,3-Б,8-А,2-Г,7-Б,1-Б,3-Г,3-А,2-В,6-Б,6-А,8-Б,8-Г,11-А,2-А,7-А,5-А,2-Б,10-А,11-Б,8-В,4-А,7-В,3-В,1-А,9-А,11-В
year,5-Б,3-Б,8-А,2-Г,7-Б,1-Б,3-Г,3-А,2-В,6-Б,6-А,8-Б,8-Г,11-А,2-А,7-А,5-А,2-Б,10-А,11-Б,8-В,4-А,7-В,3-В,1-А,9-А,11-В
year,5-Б,3-Б,8-А,2-Г,7-Б,1-Б,3-Г,3-А,2-В,6-Б,6-А,8-Б,8-Г,11-А,2-А,7-А,5-А,2-Б,10-А,11-Б,8-В,4-А,7-В,3-В,1-А,9-А,11-В
year,5-Б,3-Б,8-А,2-Г,7-Б,1-Б,3-Г,3-А,2-В,6-Б,6-А,8-Б,8-Г,11-А,2-А,7-А,5-А,2-Б,10-А,11-Б,8-В,4-А,7-В,3-В,1-А,9-А,11-В
year,5-Б,3-Б,8-А,2-Г,7-Б,1-Б,3-Г,3-А,2-В,6-Б,6-А,8-Б,8-Г,11-А,2-А,7-А,5-А,2-Б,10-А,11-Б,8-В,4-А,7-В,3-В,1-А,9-А,11-В
year,5-Б,3-Б,8-А,2-Г,7-Б,1-Б,3-Г,3-А,2-В,6-Б,6-А,8-Б,8-Г,11-А,2-А,7-А,5-А,2-Б,10-А,11-Б,8-В,4-А,7-В,3-В,1-А,9-А,11-В
year,5-Б,3-Б,8-А,2-Г,7-Б,1-Б,3-Г,3-А,2-В,6-Б,6-А,8-Б,8-Г,11-А,2-А,7-А,5-А,2-Б,10-А,11-Б,8-В,4-А,7-В,3-В,1-А,9-А,11-В
year,5-Б,3-Б,8-А,2-Г,7-Б,1-Б,3-Г,3-А,2-В,6-Б,6-А,8-Б,8-Г,11-А,2-А,7-А,5-А,2-Б,10-А,11-Б,8-В,4-А,7-В,3-В,1-А,9-А,11-В
year,5-Б,3-Б,8-А,2-Г,7-Б,1-Б,3-Г,3-А,2-В,6-Б,6-А,8-Б,8-Г,11-А,2-А,7-А,5-А,2-Б,10-А,11-Б,8-В,4-А,7-В,3-В,1-А,9-А,11-В
year,5-Б,3-Б,8-А,2-Г,7-Б,1-Б,3-Г,3-А,2-В,6-Б,6-А,8-Б,8-Г,11-А,2-А,7-А,5-А,2-Б,10-А,11-Б,8-В,4-А,7-В,3-В,1-А,9-А,11-В
year,5-Б,3-Б,8-А,2-Г,7-Б,1-Б,3-Г,3-А,2-В,6-Б,6-А,8-Б,8-Г,11-А,2-А,7-А,5-А,2-Б,10-А,11-Б,8-В,4-А,7-В,3-В,1-А,9-А,11-В
year,5-Б,3-Б,8-А,2-Г,7-Б,1-Б,3-Г,3-А,2-В,6-Б,6-А,8-Б,8-Г,11-А,2-А,7-А,5-А,2-Б,10-А,11-Б,8-В,4-А,7-В,3-В,1-А,9-А,11-В
year,5-Б,3-Б,8-А,2-Г,7-Б,1-Б,3-Г,3-А,2-В,6-Б,6-А,8-Б,8-Г,11-А,2-А,7-А,5-А,2-Б,10-А,11-Б,8-В,4-А,7-В,3-В,1-А,9-А,11-В
year,5-Б,3-Б,8-А,2-Г,7-Б,1-Б,3-Г,3-А,2-В,6-Б,6-А,8-Б,8-Г,11-А,2-А,7-А,5-А,2-Б,10-А,11-Б,8-В,4-А,7-В,3-В,1-А,9-А,11-В
year,5-Б,3-Б,8-А,2-Г,7-Б,1-Б,3-Г,3-А,2-В,6-Б,6-А,8-Б,8-Г,11-А,2-А,7-А,5-А,2-Б,10-А,11-Б,8-В,4-А,7-В,3-В,1-А,9-А,11-В
year,5-Б,3-Б,8-А,2-Г,7-Б,1-Б,3-Г,3-А,2-В,6-Б,6-А,8-Б,8-Г,11-А,2-А,7-А,5-А,2-Б,10-А,11-Б,8-В,4-А,7-В,3-В,1-А,9-А,11-В
year,5-Б,3-Б,8-А,2-Г,7-Б,1-Б,3-Г,3-А,2-В,6-Б,6-А,8-Б,8-Г,11-А,2-А,7-А,5-А,2-Б,10-А,11-Б,8-В,4-А,7-В,3-В,1-А,9-А,11-В
year,5-Б,3-Б,8-А,2-Г,7-Б,1-Б,3-Г,3-А,2-В,6-Б,6-А,8-Б,8-Г,11-А,2-А,7-А,5-А,2-Б,10-А,11-Б,8-В,4-А,7-В,3-В,1-А,9-А,11-В
year,5-Б,3-Б,8-А,2-Г,7-Б,1-Б,3-Г,3-А,2-В,6-Б,6-А,8-Б,8-Г,11-А,2-А,7-А,5-А,2-Б,10-А,11-Б,8-В,4-А,7-В,3-В,1-А,9-А,11-В
year,5-Б,3-Б,8-А,2-Г,7-Б,1-Б,3-Г,3-А,2-В,6-Б,6-А,8-Б,8-Г,11-А,2-А,7-А,5-А,2-Б,10-А,11-Б,8-В,4-А,7-В,3-В,1-А,9-А,11-В
year,5-Б,3-Б,8-А,2-Г,7-Б,1-Б,3-Г,3-А,2-В,6-Б,6-А,8-Б,8-Г,11-А,2-А,7-А,5-А,2-Б,10-А,11-Б,8-В,4-А,7-В,3-В,1-А,9-А,11-В
year,5-Б,3-Б,8-А,2-Г,7-Б,1-Б,3-Г,3-А,2-В,6-Б,6-А,8-Б,8-Г,11-А,2-А,7-А,5-А,2-Б,10-А,11-Б,8-В,4-А,7-В,3-В,1-А,9-А,11-В
year,5-Б,3-Б,8-А,2-Г,7-Б,1-Б,3-Г,3-А,2-В,6-Б,6-А,8-Б,8-Г,11-А,2-А,7-А,5-А,2-Б,10-А,11-Б,8-В,4-А,7-В,3-В,1-А,9-А,11-В
year,5-Б,3-Б,8-А,2-Г,7-Б,1-Б,3-Г,3-А,2-В,6-Б,6-А,8-Б,8-Г,11-А,2-А,7-А,5-А,2-Б,10-А,11-Б,8-В,4-А,7-В,3-В,1-А,9-А,11-В
year,5-Б,3-Б,8-А,2-Г,7-Б,1-Б,3-Г,3-А,2-В,6-Б,6-А,8-Б,8-Г,11-А,2-А,7-А,5-А,2-Б,10-А,11-Б,8-В,4-А,7-В,3-В,1-А,9-А,11-В
year,5-Б,3-Б,8-А,2-Г,7-Б,1-Б,3-Г,3-А,2-В,6-Б,6-А,8-Б,8-Г,11-А,2-А,7-А,5-А,2-Б,10-А,11-Б,8-В,4-А,7-В,3-В,1-А,9-А,11-В
year,5-Б,3-Б,8-А,2-Г,7-Б,1-Б,3-Г,3-А,2-В,6-Б,6-А,8-Б,8-Г,11-А,2-А,7-А,5-А,2-Б,10-А,11-Б,8-В,4-А,7-В,3-В,1-А,9-А,11-В
year,5-Б,3-Б,8-А,2-Г,7-Б,1-Б,3-Г,3-А,2-В,6-Б,6-А,8-Б,8-Г,11-А,2-А,7-А,5-А,2-Б,10-А,11-Б,8-В,4-А,7-В,3-В,1-А,9-А,11-В
year,5-Б,3-Б,8-А,2-Г,7-Б,1-Б,3-Г,3-А,2-В,6-Б,6-А,8-Б,8-Г,11-А,2-А,7-А,5-А,2-Б,10-А,11-Б,8-В,4-А,7-В,3-В,1-А,9-А,11-В
year,5-Б,3-Б,8-А,2-Г,7-Б,1-Б,3-Г,3-А,2-В,6-Б,6-А,8-Б,8-Г,11-А,2-А,7-А,5-А,2-Б,10-А,11-Б,8-В,4-А,7-В,3-В,1-А,9-А,11-В
year,5-Б,3-Б,8-А,2-Г,7-Б,1-Б,3-Г,3-А,2-В,6-Б,6-А,8-Б,8-Г,11-А,2-А,7-А,5-А,2-Б,10-А,11-Б,8-В,4-А,7-В,3-В,1-А,9-А,11-В
year,5-Б,3-Б,8-А,2-Г,7-Б,1-Б,3-Г,3-А,2-В,6-Б,6-А,8-Б,8-Г,11-А,2-А,7-А,5-А,2-Б,10-А,11-Б,8-В,4-А,7-В,3-В,1-А,9-А,11-В
year,5-Б,3-Б,8-А,2-Г,7-Б,1-Б,3-Г,3-А,2-В,6-Б,6-А,8-Б,8-Г,11-А,2-А,7-А,5-А,2-Б,10-А,11-Б,8-В,4-А,7-В,3-В,1-А,9-А,11-В
year,5-Б,3-Б,8-А,2-Г,7-Б,1-Б,3-Г,3-А,2-В,6-Б,6-А,8-Б,8-Г,11-А,2-А,7-А,5-А,2-Б,10-А,11-Б,8-В,4-А,7-В,3-В,1-А,9-А,11-В
year,5-Б,3-Б,8-А,2-Г,7-Б,1-Б,3-Г,3-А,2-В,6-Б,6-А,8-Б,8-Г,11-А,2-А,7-А,5-А,2-Б,10-А,11-Б,8-В,4-А,7-В,3-В,1-А,9-А,11-В
year,5-Б,3-Б,8-А,2-Г,7-Б,1-Б,3-Г,3-А,2-В,6-Б,6-А,8-Б,8-Г,11-А,2-А,7-А,5-А,2-Б,10-А,11-Б,8-В,4-А,7-В,3-В,1-А,9-А,11-В
year,5-Б,3-Б,8-А,2-Г,7-Б,1-Б,3-Г,3-А,2-В,6-Б,6-А,8-Б,8-Г,11-А,2-А,7-А,5-А,2-Б,10-А,11-Б,8-В,4-А,7-В,3-В,1-А,9-А,11-В
year,5-Б,3-Б,8-А,2-Г,7-Б,1-Б,3-Г,3-А,2-В,6-Б,6-А,8-Б,8-Г,11-А,2-А,7-А,5-А,2-Б,10-А,11-Б,8-В,4-А,7-В,3-В,1-А,9-А,11-В
year,5-Б,3-Б,8-А,2-Г,7-Б,1-Б,3-Г,3-А,2-В,6-Б,6-А,8-Б,8-Г,11-А,2-А,7-А,5-А,2-Б,10-А,11-Б,8-В,4-А,7-В,3-В,1-А,9-А,11-В
year,5-Б,3-Б,8-А,2-Г,7-Б,1-Б,3-Г,3-А,2-В,6-Б,6-А,8-Б,8-Г,11-А,2-А,7-А,5-А,2-Б,10-А,11-Б,8-В,4-А,7-В,3-В,1-А,9-А,11-В
year,5-Б,3-Б,8-А,2-Г,7-Б,1-Б,3-Г,3-А,2-В,6-Б,6-А,8-Б,8-Г,11-А,2-А,7-А,5-А,2-Б,10-А,11-Б,8-В,4-А,7-В,3-В,1-А,9-А,11-В
year,5-Б,3-Б,8-А,2-Г,7-Б,1-Б,3-Г,3-А,2-В,6-Б,6-А,8-Б,8-Г,11-А,2-А,7-А,5-А,2-Б,10-А,11-Б,8-В,4-А,7-В,3-В,1-А,9-А,11-В
year,5-Б,3-Б,8-А,2-Г,7-Б,1-Б,3-Г,3-А,2-В,6-Б,6-А,8-Б,8-Г,11-А,2-А,7-А,5-А,2-Б,10-А,11-Б,8-В,4-А,7-В,3-В,1-А,9-А,11-В
year,5-Б,3-Б,8-А,2-Г,7-Б,1-Б,3-Г,3-А,2-В,6-Б,6-А,8-Б,8-Г,11-А,2-А,7-А,5-А,2-Б,10-А,11-Б,8-В,4-А,7-В,3-В,1-А,9-А,11-В
year,5-Б,3-Б,8-А,2-Г,7-Б,1-Б,3-Г,3-А,2-В,6-Б,6-А,8-Б,8-Г,11-А,2-А,7-А,5-А,2-Б,10-А,11-Б,8-В,4-А,7-В,3-В,1-А,9-А,11-В
year,5-Б,3-Б,8-А,2-Г,7-Б,1-Б,3-Г,3-А,2-В,6-Б,6-А,8-Б,8-Г,11-А,2-А,7-А,5-А,2-Б,10-А,11-Б,8-В,4-А,7-В,3-В,1-А,9-А,11-В
year,5-Б,3-Б,8-А,2-Г,7-Б,1-Б,3-Г,3-А,2-В,6-Б,6-А,8-Б,8-Г,11-А,2-А,7-А,5-А,2-Б,10-А,11-Б,8-В,4-А,7-В,3-В,1-А,9-А,11-В
year,5-Б,3-Б,8-А,2-Г,7-Б,1-Б,3-Г,3-А,2-В,6-Б,6-А,8-Б,8-Г,11-А,2-А,7-А,5-А,2-Б,10-А,11-Б,8-В,4-А,7-В,3-В,1-А,9-А,11-В
year,5-Б,3-Б,8-А,2-Г,7-Б,1-Б,3-Г,3-А,2-В,6-Б,6-А,8-Б,8-Г,11-А,2-А,7-А,5-А,2-Б,10-А,11-Б,8-В,4-А,7-В,3-В,1-А,9-А,11-В
year,5-Б,3-Б,8-А,2-Г,7-Б,1-Б,3-Г,3-А,2-В,6-Б,6-А,8-Б,8-Г,11-А,2-А,7-А,5-А,2-Б,10-А,11-Б,8-В,4-А,7-В,3-В,1-А,9-А,11-В
year,5-Б,3-Б,8-А,2-Г,7-Б,1-Б,3-Г,3-А,2-В,6-Б,6-А,8-Б,8-Г,11-А,2-А,7-А,5-А,2-Б,10-А,11-Б,8-В,4-А,7-В,3-В,1-А,9-А,11-В
year,5-Б,3-Б,8-А,2-Г,7-Б,1-Б,3-Г,3-А,2-В,6-Б,6-А,8-Б,8-Г,11-А,2-А,7-А,5-А,2-Б,10-А,11-Б,8-В,4-А,7-В,3-В,1-А,9-А,11-В
year,5-Б,3-Б,8-А,2-Г,7-Б,1-Б,3-Г,3-А,2-В,6-Б,6-А,8-Б,8-Г,11-А,2-А,7-А,5-А,2-Б,10-А,11-Б,8-В,4-А,7-В,3-В,1-А,9-А,11-В
year,5-Б,3-Б,8-А,2-Г,7-Б,1-Б,3-Г,3-А,2-В,6-Б,6-А,8-Б,8-Г,11-А,2-А,7-А,5-А,2-Б,10-А,11-Б,8-В,4-А,7-В,3-В,1-А,9-А,11-В
year,5-Б,3-Б,8-А,2-Г,7-Б,1-Б,3-Г,3-А,2-В,6-Б,6-А,8-Б,8-Г,11-А,2-А,7-А,5-А,2-Б,10-А,11-Б,8-В,4-А,7-В,3-В,1-А,9-А,11-В
year,5-Б,3-Б,8-А,2-Г,7-Б,1-Б,3-Г,3-А,2-В,6-Б,6-А,8-Б,8-Г,11-А,2-А,7-А,5-А,2-Б,10-А,11-Б,8-В,4-А,7-В,3-В,1-А,9-А,11-В
year,5-Б,3-Б,8-А,2-Г,7-Б,1-Б,3-Г,3-А,2-В,6-Б,6-А,8-Б,8-Г,11-А,2-А,7-А,5-А,2-Б,10-А,11-Б,8-В,4-А,7-В,3-В,1-А,9-А,11-В
year,5-Б,3-Б,8-А,2-Г,7-Б,1-Б,3-Г,3-А,2-В,6-Б,6-А,8-Б,8-Г,11-А,2-А,7-А,5-А,2-Б,10-А,11-Б,8-В,4-А,7-В,3-В,1-А,9-А,11-В
year,5-Б,3-Б,8-А,2-Г,7-Б,1-Б,3-Г,3-А,2-В,6-Б,6-А,8-Б,8-Г,11-А,2-А,7-А,5-А,2-Б,10-А,11-Б,8-В,4-А,7-В,3-В,1-А,9-А,11-В
year,5-Б,3-Б,8-А,2-Г,7-Б,1-Б,3-Г,3-А,2-В,6-Б,6-А,8-Б,8-Г,11-А,2-А,7-А,5-А,2-Б,10-А,11-Б,8-В,4-А,7-В,3-В,1-А,9-А,11-В
year,5-Б,3-Б,8-А,2-Г,7-Б,1-Б,3-Г,3-А,2-В,6-Б,6-А,8-Б,8-Г,11-А,2-А,7-А,5-А,2-Б,10-А,11-Б,8-В,4-А,7-В,3-В,1-А,9-А,11-В
year,5-Б,3-Б,8-А,2-Г,7-Б,1-Б,3-Г,3-А,2-В,6-Б,6-А,8-Б,8-Г,11-А,2-А,7-А,5-А,2-Б,10-А,11-Б,8-В,4-А,7-В,3-В,1-А,9-А,11-В
year,5-Б,3-Б,8-А,2-Г,7-Б,1-Б,3-Г,3-А,2-В,6-Б,6-А,8-Б,8-Г,11-А,2-А,7-А,5-А,2-Б,10-А,11-Б,8-В,4-А,7-В,3-В,1-А,9-А,11-В
year,5-Б,3-Б,8-А,2-Г,7-Б,1-Б,3-Г,3-А,2-В,6-Б,6-А,8-Б,8-Г,11-А,2-А,7-А,5-А,2-Б,10-А,11-Б,8-В,4-А,7-В,3-В,1-А,9-А,11-В
year,5-Б,3-Б,8-А,2-Г,7-Б,1-Б,3-Г,3-А,2-В,6-Б,6-А,8-Б,8-Г,11-А,2-А,7-А,5-А,2-Б,10-А,11-Б,8-В,4-А,7-В,3-В,1-А,9-А,11-В
year,5-Б,3-Б,8-А,2-Г,7-Б,1-Б,3-Г,3-А,2-В,6-Б,6-А,8-Б,8-Г,11-А,2-А,7-А,5-А,2-Б,10-А,11-Б,8-В,4-А,7-В,3-В,1-А,9-А,11-В
year,5-Б,3-Б,8-А,2-Г,7-Б,1-Б,3-Г,3-А,2-В,6-Б,6-А,8-Б,8-Г,11-А,2-А,7-А,5-А,2-Б,10-А,11-Б,8-В,4-А,7-В,3-В,1-А,9-А,11-В
year,5-Б,3-Б,8-А,2-Г,7-Б,1-Б,3-Г,3-А,2-В,6-Б,6-А,8-Б,8-Г,11-А,2-А,7-А,5-А,2-Б,10-А,11-Б,8-В,4-А,7-В,3-В,1-А,9-А,11-В
year,5-Б,3-Б,8-А,2-Г,7-Б,1-Б,3-Г,3-А,2-В,6-Б,6-А,8-Б,8-Г,11-А,2-А,7-А,5-А,2-Б,10-А,11-Б,8-В,4-А,7-В,3-В,1-А,9-А,11-В
year,5-Б,3-Б,8-А,2-Г,7-Б,1-Б,3-Г,3-А,2-В,6-Б,6-А,8-Б,8-Г,11-А,2-А,7-А,5-А,2-Б,10-А,11-Б,8-В,4-А,7-В,3-В,1-А,9-А,11-В
year,5-Б,3-Б,8-А,2-Г,7-Б,1-Б,3-Г,3-А,2-В,6-Б,6-А,8-Б,8-Г,11-А,2-А,7-А,5-А,2-Б,10-А,11-Б,8-В,4-А,7-В,3-В,1-А,9-А,11-В
year,5-Б,3-Б,8-А,2-Г,7-Б,1-Б,3-Г,3-А,2-В,6-Б,6-А,8-Б,8-Г,11-А,2-А,7-А,5-А,2-Б,10-А,11-Б,8-В,4-А,7-В,3-В,1-А,9-А,11-В
year,5-Б,3-Б,8-А,2-Г,7-Б,1-Б,3-Г,3-А,2-В,6-Б,6-А,8-Б,8-Г,11-А,2-А,7-А,5-А,2-Б,10-А,11-Б,8-В,4-А,7-В,3-В,1-А,9-А,11-В
year,5-Б,3-Б,8-А,2-Г,7-Б,1-Б,3-Г,3-А,2-В,6-Б,6-А,8-Б,8-Г,11-А,2-А,7-А,5-А,2-Б,10-А,11-Б,8-В,4-А,7-В,3-В,1-А,9-А,11-В
year,5-Б,3-Б,8-А,2-Г,7-Б,1-Б,3-Г,3-А,2-В,6-Б,6-А,8-Б,8-Г,11-А,2-А,7-А,5-А,2-Б,10-А,11-Б,8-В,4-А,7-В,3-В,1-А,9-А,11-В
year,5-Б,3-Б,8-А,2-Г,7-Б,1-Б,3-Г,3-А,2-В,6-Б,6-А,8-Б,8-Г,11-А,2-А,7-А,5-А,2-Б,10-А,11-Б,8-В,4-А,7-В,3-В,1-А,9-А,11-В
year,5-Б,3-Б,8-А,2-Г,7-Б,1-Б,3-Г,3-А,2-В,6-Б,6-А,8-Б,8-Г,11-А,2-А,7-А,5-А,2-Б,10-А,11-Б,8-В,4-А,7-В,3-В,1-А,9-А,11-В
year,5-Б,3-Б,8-А,2-Г,7-Б,1-Б,3-Г,3-А,2-В,6-Б,6-А,8-Б,8-Г,11-А,2-А,7-А,5-А,2-Б,10-А,11-Б,8-В,4-А,7-В,3-В,1-А,9-А,11-В
year,5-Б,3-Б,8-А,2-Г,7-Б,1-Б,3-Г,3-А,2-В,6-Б,6-А,8-Б,8-Г,11-А,2-А,7-А,5-А,2-Б,10-А,11-Б,8-В,4-А,7-В,3-В,1-А,9-А,11-В
year,5-Б,3-Б,8-А,2-Г,7-Б,1-Б,3-Г,3-А,2-В,6-Б,6-А,8-Б,8-Г,11-А,2-А,7-А,5-А,2-Б,10-А,11-Б,8-В,4-А,7-В,3-В,1-А,9-А,11-В
year,5-Б,3-Б,8-А,2-Г,7-Б,1-Б,3-Г,3-А,2-В,6-Б,6-А,8-Б,8-Г,11-А,2-А,7-А,5-А,2-Б,10-А,11-Б,8-В,4-А,7-В,3-В,1-А,9-А,11-В
year,5-Б,3-Б,8-А,2-Г,7-Б,1-Б,3-Г,3-А,2-В,6-Б,6-А,8-Б,8-Г,11-А,2-А,7-А,5-А,2-Б,10-А,11-Б,8-В,4-А,7-В,3-В,1-А,9-А,11-В
year,5-Б,3-Б,8-А,2-Г,7-Б,1-Б,3-Г,3-А,2-В,6-Б,6-А,8-Б,8-Г,11-А,2-А,7-А,5-А,2-Б,10-А,11-Б,8-В,4-А,7-В,3-В,1-А,9-А,11-В
year,5-Б,3-Б,8-А,2-Г,7-Б,1-Б,3-Г,3-А,2-В,6-Б,6-А,8-Б,8-Г,11-А,2-А,7-А,5-А,2-Б,10-А,11-Б,8-В,4-А,7-В,3-В,1-А,9-А,11-В
year,5-Б,3-Б,8-А,2-Г,7-Б,1-Б,3-Г,3-А,2-В,6-Б,6-А,8-Б,8-Г,11-А,2-А,7-А,5-А,2-Б,10-А,11-Б,8-В,4-А,7-В,3-В,1-А,9-А,11-В
year,5-Б,3-Б,8-А,2-Г,7-Б,1-Б,3-Г,3-А,2-В,6-Б,6-А,8-Б,8-Г,11-А,2-А,7-А,5-А,2-Б,10-А,11-Б,8-В,4-А,7-В,3-В,1-А,9-А,11-В
year,5-Б,3-Б,8-А,2-Г,7-Б,1-Б,3-Г,3-А,2-В,6-Б,6-А,8-Б,8-Г,11-А,2-А,7-А,5-А,2-Б,10-А,11-Б,8-В,4-А,7-В,3-В,1-А,9-А,11-В
year,5-Б,3-Б,8-А,2-Г,7-Б,1-Б,3-Г,3-А,2-В,6-Б,6-А,8-Б,8-Г,11-А,2-А,7-А,5-А,2-Б,10-А,11-Б,8-В,4-А,7-В,3-В,1-А,9-А,11-В
year,5-Б,3-Б,8-А,2-Г,7-Б,1-Б,3-Г,3-А,2-В,6-Б,6-А,8-Б,8-Г,11-А,2-А,7-А,5-А,2-Б,10-А,11-Б,8-В,4-А,7-В,3-В,1-А,9-А,11-В
year,5-Б,3-Б,8-А,2-Г,7-Б,1-Б,3-Г,3-А,2-В,6-Б,6-А,8-Б,8-Г,11-А,2-А,7-А,5-А,2-Б,10-А,11-Б,8-В,4-А,7-В,3-В,1-А,9-А,11-В
year,5-Б,3-Б,8-А,2-Г,7-Б,1-Б,3-Г,3-А,2-В,6-Б,6-А,8-Б,8-Г,11-А,2-А,7-А,5-А,2-Б,10-А,11-Б,8-В,4-А,7-В,3-В,1-А,9-А,11-В
year,5-Б,3-Б,8-А,2-Г,7-Б,1-Б,3-Г,3-А,2-В,6-Б,6-А,8-Б,8-Г,11-А,2-А,7-А,5-А,2-Б,10-А,11-Б,8-В,4-А,7-В,3-В,1-А,9-А,11-В
year,5-Б,3-Б,8-А,2-Г,7-Б,1-Б,3-Г,3-А,2-В,6-Б,6-А,8-Б,8-Г,11-А,2-А,7-А,5-А,2-Б,10-А,11-Б,8-В,4-А,7-В,3-В,1-А,9-А,11-В
year,5-Б,3-Б,8-А,2-Г,7-Б,1-Б,3-Г,3-А,2-В,6-Б,6-А,8-Б,8-Г,11-А,2-А,7-А,5-А,2-Б,10-А,11-Б,8-В,4-А,7-В,3-В,1-А,9-А,11-В
year,5-Б,3-Б,8-А,2-Г,7-Б,1-Б,3-Г,3-А,2-В,6-Б,6-А,8-Б,8-Г,11-А,2-А,7-А,5-А,2-Б,10-А,11-Б,8-В,4-А,7-В,3-В,1-А,9-А,11-В
year,5-Б,3-Б,8-А,2-Г,7-Б,1-Б,3-Г,3-А,2-В,6-Б,6-А,8-Б,8-Г,11-А,2-А,7-А,5-А,2-Б,10-А,11-Б,8-В,4-А,7-В,3-В,1-А,9-А,11-В
year,5-Б,3-Б,8-А,2-Г,7-Б,1-Б,3-Г,3-А,2-В,6-Б,6-А,8-Б,8-Г,11-А,2-А,7-А,5-А,2-Б,10-А,11-Б,8-В,4-А,7-В,3-В,1-А,9-А,11-В
year,5-Б,3-Б,8-А,2-Г,7-Б,1-Б,3-Г,3-А,2-В,6-Б,6-А,8-Б,8-Г,11-А,2-А,7-А,5-А,2-Б,10-А,11-Б,8-В,4-А,7-В,3-В,1-А,9-А,11-В
year,5-Б,3-Б,8-А,2-Г,7-Б,1-Б,3-Г,3-А,2-В,6-Б,6-А,8-Б,8-Г,11-А,2-А,7-А,5-А,2-Б,10-А,11-Б,8-В,4-А,7-В,3-В,1-А,9-А,11-В
year,5-Б,3-Б,8-А,2-Г,7-Б,1-Б,3-Г,3-А,2-В,6-Б,6-А,8-Б,8-Г,11-А,2-А,7-А,5-А,2-Б,10-А,11-Б,8-В,4-А,7-В,3-В,1-А,9-А,11-В
year,5-Б,3-Б,8-А,2-Г,7-Б,1-Б,3-Г,3-А,2-В,6-Б,6-А,8-Б,8-Г,11-А,2-А,7-А,5-А,2-Б,10-А,11-Б,8-В,4-А,7-В,3-В,1-А,9-А,11-В
year,5-Б,3-Б,8-А,2-Г,7-Б,1-Б,3-Г,3-А,2-В,6-Б,6-А,8-Б,8-Г,11-А,2-А,7-А,5-А,2-Б,10-А,11-Б,8-В,4-А,7-В,3-В,1-А,9-А,11-В
year,5-Б,3-Б,8-А,2-Г,7-Б,1-Б,3-Г,3-А,2-В,6-Б,6-А,8-Б,8-Г,11-А,2-А,7-А,5-А,2-Б,10-А,11-Б,8-В,4-А,7-В,3-В,1-А,9-А,11-В
year,5-Б,3-Б,8-А,2-Г,7-Б,1-Б,3-Г,3-А,2-В,6-Б,6-А,8-Б,8-Г,11-А,2-А,7-А,5-А,2-Б,10-А,11-Б,8-В,4-А,7-В,3-В,1-А,9-А,11-В
year,5-Б,3-Б,8-А,2-Г,7-Б,1-Б,3-Г,3-А,2-В,6-Б,6-А,8-Б,8-Г,11-А,2-А,7-А,5-А,2-Б,10-А,11-Б,8-В,4-А,7-В,3-В,1-А,9-А,11-В
year,5-Б,3-Б,8-А,2-Г,7-Б,1-Б,3-Г,3-А,2-В,6-Б,6-А,8-Б,8-Г,11-А,2-А,7-А,5-А,2-Б,10-А,11-Б,8-В,4-А,7-В,3-В,1-А,9-А,11-В
year,5-Б,3-Б,8-А,2-Г,7-Б,1-Б,3-Г,3-А,2-В,6-Б,6-А,8-Б,8-Г,11-А,2-А,7-А,5-А,2-Б,10-А,11-Б,8-В,4-А,7-В,3-В,1-А,9-А,11-В
year,5-Б,3-Б,8-А,2-Г,7-Б,1-Б,3-Г,3-А,2-В,6-Б,6-А,8-Б,8-Г,11-А,2-А,7-А,5-А,2-Б,10-А,11-Б,8-В,4-А,7-В,3-В,1-А,9-А,11-В
year,5-Б,3-Б,8-А,2-Г,7-Б,1-Б,3-Г,3-А,2-В,6-Б,6-А,8-Б,8-Г,11-А,2-А,7-А,5-А,2-Б,10-А,11-Б,8-В,4-А,7-В,3-В,1-А,9-А,11-В
year,5-Б,3-Б,8-А,2-Г,7-Б,1-Б,3-Г,3-А,2-В,6-Б,6-А,8-Б,8-Г,11-А,2-А,7-А,5-А,2-Б,10-А,11-Б,8-В,4-А,7-В,3-В,1-А,9-А,11-В
year,5-Б,3-Б,8-А,2-Г,7-Б,1-Б,3-Г,3-А,2-В,6-Б,6-А,8-Б,8-Г,11-А,2-А,7-А,5-А,2-Б,10-А,11-Б,8-В,4-А,7-В,3-В,1-А,9-А,11-В
year,5-Б,3-Б,8-А,2-Г,7-Б,1-Б,3-Г,3-А,2-В,6-Б,6-А,8-Б,8-Г,11-А,2-А,7-А,5-А,2-Б,10-А,11-Б,8-В,4-А,7-В,3-В,1-А,9-А,11-В
year,5-Б,3-Б,8-А,2-Г,7-Б,1-Б,3-Г,3-А,2-В,6-Б,6-А,8-Б,8-Г,11-А,2-А,7-А,5-А,2-Б,10-А,11-Б,8-В,4-А,7-В,3-В,1-А,9-А,11-В
year,5-Б,3-Б,8-А,2-Г,7-Б,1-Б,3-Г,3-А,2-В,6-Б,6-А,8-Б,8-Г,11-А,2-А,7-А,5-А,2-Б,10-А,11-Б,8-В,4-А,7-В,3-В,1-А,9-А,11-В
year,5-Б,3-Б,8-А,2-Г,7-Б,1-Б,3-Г,3-А,2-В,6-Б,6-А,8-Б,8-Г,11-А,2-А,7-А,5-А,2-Б,10-А,11-Б,8-В,4-А,7-В,3-В,1-А,9-А,11-В
year,5-Б,3-Б,8-А,2-Г,7-Б,1-Б,3-Г,3-А,2-В,6-Б,6-А,8-Б,8-Г,11-А,2-А,7-А,5-А,2-Б,10-А,11-Б,8-В,4-А,7-В,3-В,1-А,9-А,11-В
year,5-Б,3-Б,8-А,2-Г,7-Б,1-Б,3-Г,3-А,2-В,6-Б,6-А,8-Б,8-Г,11-А,2-А,7-А,5-А,2-Б,10-А,11-Б,8-В,4-А,7-В,3-В,1-А,9-А,11-В
year,5-Б,3-Б,8-А,2-Г,7-Б,1-Б,3-Г,3-А,2-В,6-Б,6-А,8-Б,8-Г,11-А,2-А,7-А,5-А,2-Б,10-А,11-Б,8-В,4-А,7-В,3-В,1-А,9-А,11-В
year,5-Б,3-Б,8-А,2-Г,7-Б,1-Б,3-Г,3-А,2-В,6-Б,6-А,8-Б,8-Г,11-А,2-А,7-А,5-А,2-Б,10-А,11-Б,8-В,4-А,7-В,3-В,1-А,9-А,11-В
year,5-Б,3-Б,8-А,2-Г,7-Б,1-Б,3-Г,3-А,2-В,6-Б,6-А,8-Б,8-Г,11-А,2-А,7-А,5-А,2-Б,10-А,11-Б,8-В,4-А,7-В,3-В,1-А,9-А,11-В
year,5-Б,3-Б,8-А,2-Г,7-Б,1-Б,3-Г,3-А,2-В,6-Б,6-А,8-Б,8-Г,11-А,2-А,7-А,5-А,2-Б,10-А,11-Б,8-В,4-А,7-В,3-В,1-А,9-А,11-В
year,5-Б,3-Б,8-А,2-Г,7-Б,1-Б,3-Г,3-А,2-В,6-Б,6-А,8-Б,8-Г,11-А,2-А,7-А,5-А,2-Б,10-А,11-Б,8-В,4-А,7-В,3-В,1-А,9-А,11-В
year,5-Б,3-Б,8-А,2-Г,7-Б,1-Б,3-Г,3-А,2-В,6-Б,6-А,8-Б,8-Г,11-А,2-А,7-А,5-А,2-Б,10-А,11-Б,8-В,4-А,7-В,3-В,1-А,9-А,11-В
year,5-Б,3-Б,8-А,2-Г,7-Б,1-Б,3-Г,3-А,2-В,6-Б,6-А,8-Б,8-Г,11-А,2-А,7-А,5-А,2-Б,10-А,11-Б,8-В,4-А,7-В,3-В,1-А,9-А,11-В
year,5-Б,3-Б,8-А,2-Г,7-Б,1-Б,3-Г,3-А,2-В,6-Б,6-А,8-Б,8-Г,11-А,2-А,7-А,5-А,2-Б,10-А,11-Б,8-В,4-А,7-В,3-В,1-А,9-А,11-В
year,5-Б,3-Б,8-А,2-Г,7-Б,1-Б,3-Г,3-А,2-В,6-Б,6-А,8-Б,8-Г,11-А,2-А,7-А,5-А,2-Б,10-А,11-Б,8-В,4-А,7-В,3-В,1-А,9-А,11-В
year,5-Б,3-Б,8-А,2-Г,7-Б,1-Б,3-Г,3-А,2-В,6-Б,6-А,8-Б,8-Г,11-А,2-А,7-А,5-А,2-Б,10-А,11-Б,8-В,4-А,7-В,3-В,1-А,9-А,11-В
year,5-Б,3-Б,8-А,2-Г,7-Б,1-Б,3-Г,3-А,2-В,6-Б,6-А,8-Б,8-Г,11-А,2-А,7-А,5-А,2-Б,10-А,11-Б,8-В,4-А,7-В,3-В,1-А,9-А,11-В
year,5-Б,3-Б,8-А,2-Г,7-Б,1-Б,3-Г,3-А,2-В,6-Б,6-А,8-Б,8-Г,11-А,2-А,7-А,5-А,2-Б,10-А,11-Б,8-В,4-А,7-В,3-В,1-А,9-А,11-В
year,5-Б,3-Б,8-А,2-Г,7-Б,1-Б,3-Г,3-А,2-В,6-Б,6-А,8-Б,8-Г,11-А,2-А,7-А,5-А,2-Б,10-А,11-Б,8-В,4-А,7-В,3-В,1-А,9-А,11-В
year,5-Б,3-Б,8-А,2-Г,7-Б,1-Б,3-Г,3-А,2-В,6-Б,6-А,8-Б,8-Г,11-А,2-А,7-А,5-А,2-Б,10-А,11-Б,8-В,4-А,7-В,3-В,1-А,9-А,11-В
year,5-Б,3-Б,8-А,2-Г,7-Б,1-Б,3-Г,3-А,2-В,6-Б,6-А,8-Б,8-Г,11-А,2-А,7-А,5-А,2-Б,10-А,11-Б,8-В,4-А,7-В,3-В,1-А,9-А,11-В
year,5-Б,3-Б,8-А,2-Г,7-Б,1-Б,3-Г,3-А,2-В,6-Б,6-А,8-Б,8-Г,11-А,2-А,7-А,5-А,2-Б,10-А,11-Б,8-В,4-А,7-В,3-В,1-А,9-А,11-В
year,5-Б,3-Б,8-А,2-Г,7-Б,1-Б,3-Г,3-А,2-В,6-Б,6-А,8-Б,8-Г,11-А,2-А,7-А,5-А,2-Б,10-А,11-Б,8-В,4-А,7-В,3-В,1-А,9-А,11-В
year,5-Б,3-Б,8-А,2-Г,7-Б,1-Б,3-Г,3-А,2-В,6-Б,6-А,8-Б,8-Г,11-А,2-А,7-А,5-А,2-Б,10-А,11-Б,8-В,4-А,7-В,3-В,1-А,9-А,11-В
year,5-Б,3-Б,8-А,2-Г,7-Б,1-Б,3-Г,3-А,2-В,6-Б,6-А,8-Б,8-Г,11-А,2-А,7-А,5-А,2-Б,10-А,11-Б,8-В,4-А,7-В,3-В,1-А,9-А,11-В
year,5-Б,3-Б,8-А,2-Г,7-Б,1-Б,3-Г,3-А,2-В,6-Б,6-А,8-Б,8-Г,11-А,2-А,7-А,5-А,2-Б,10-А,11-Б,8-В,4-А,7-В,3-В,1-А,9-А,11-В
year,5-Б,3-Б,8-А,2-Г,7-Б,1-Б,3-Г,3-А,2-В,6-Б,6-А,8-Б,8-Г,11-А,2-А,7-А,5-А,2-Б,10-А,11-Б,8-В,4-А,7-В,3-В,1-А,9-А,11-В
year,5-Б,3-Б,8-А,2-Г,7-Б,1-Б,3-Г,3-А,2-В,6-Б,6-А,8-Б,8-Г,11-А,2-А,7-А,5-А,2-Б,10-А,11-Б,8-В,4-А,7-В,3-В,1-А,9-А,11-В
year,5-Б,3-Б,8-А,2-Г,7-Б,1-Б,3-Г,3-А,2-В,6-Б,6-А,8-Б,8-Г,11-А,2-А,7-А,5-А,2-Б,10-А,11-Б,8-В,4-А,7-В,3-В,1-А,9-А,11-В
year,5-Б,3-Б,8-А,2-Г,7-Б,1-Б,3-Г,3-А,2-В,6-Б,6-А,8-Б,8-Г,11-А,2-А,7-А,5-А,2-Б,10-А,11-Б,8-В,4-А,7-В,3-В,1-А,9-А,11-В
year,5-Б,3-Б,8-А,2-Г,7-Б,1-Б,3-Г,3-А,2-В,6-Б,6-А,8-Б,8-Г,11-А,2-А,7-А,5-А,2-Б,10-А,11-Б,8-В,4-А,7-В,3-В,1-А,9-А,11-В
year,5-Б,3-Б,8-А,2-Г,7-Б,1-Б,3-Г,3-А,2-В,6-Б,6-А,8-Б,8-Г,11-А,2-А,7-А,5-А,2-Б,10-А,11-Б,8-В,4-А,7-В,3-В,1-А,9-А,11-В
year,5-Б,3-Б,8-А,2-Г,7-Б,1-Б,3-Г,3-А,2-В,6-Б,6-А,8-Б,8-Г,11-А,2-А,7-А,5-А,2-Б,10-А,11-Б,8-В,4-А,7-В,3-В,1-А,9-А,11-В
year,5-Б,3-Б,8-А,2-Г,7-Б,1-Б,3-Г,3-А,2-В,6-Б,6-А,8-Б,8-Г,11-А,2-А,7-А,5-А,2-Б,10-А,11-Б,8-В,4-А,7-В,3-В,1-А,9-А,11-В
year,5-Б,3-Б,8-А,2-Г,7-Б,1-Б,3-Г,3-А,2-В,6-Б,6-А,8-Б,8-Г,11-А,2-А,7-А,5-А,2-Б,10-А,11-Б,8-В,4-А,7-В,3-В,1-А,9-А,11-В
year,5-Б,3-Б,8-А,2-Г,7-Б,1-Б,3-Г,3-А,2-В,6-Б,6-А,8-Б,8-Г,11-А,2-А,7-А,5-А,2-Б,10-А,11-Б,8-В,4-А,7-В,3-В,1-А,9-А,11-В
year,5-Б,3-Б,8-А,2-Г,7-Б,1-Б,3-Г,3-А,2-В,6-Б,6-А,8-Б,8-Г,11-А,2-А,7-А,5-А,2-Б,10-А,11-Б,8-В,4-А,7-В,3-В,1-А,9-А,11-В
year,5-Б,3-Б,8-А,2-Г,7-Б,1-Б,3-Г,3-А,2-В,6-Б,6-А,8-Б,8-Г,11-А,2-А,7-А,5-А,2-Б,10-А,11-Б,8-В,4-А,7-В,3-В,1-А,9-А,11-В
year,5-Б,3-Б,8-А,2-Г,7-Б,1-Б,3-Г,3-А,2-В,6-Б,6-А,8-Б,8-Г,11-А,2-А,7-А,5-А,2-Б,10-А,11-Б,8-В,4-А,7-В,3-В,1-А,9-А,11-В
year,5-Б,3-Б,8-А,2-Г,7-Б,1-Б,3-Г,3-А,2-В,6-Б,6-А,8-Б,8-Г,11-А,2-А,7-А,5-А,2-Б,10-А,11-Б,8-В,4-А,7-В,3-В,1-А,9-А,11-В
year,5-Б,3-Б,8-А,2-Г,7-Б,1-Б,3-Г,3-А,2-В,6-Б,6-А,8-Б,8-Г,11-А,2-А,7-А,5-А,2-Б,10-А,11-Б,8-В,4-А,7-В,3-В,1-А,9-А,11-В
year,5-Б,3-Б,8-А,2-Г,7-Б,1-Б,3-Г,3-А,2-В,6-Б,6-А,8-Б,8-Г,11-А,2-А,7-А,5-А,2-Б,10-А,11-Б,8-В,4-А,7-В,3-В,1-А,9-А,11-В
year,5-Б,3-Б,8-А,2-Г,7-Б,1-Б,3-Г,3-А,2-В,6-Б,6-А,8-Б,8-Г,11-А,2-А,7-А,5-А,2-Б,10-А,11-Б,8-В,4-А,7-В,3-В,1-А,9-А,11-В
year,5-Б,3-Б,8-А,2-Г,7-Б,1-Б,3-Г,3-А,2-В,6-Б,6-А,8-Б,8-Г,11-А,2-А,7-А,5-А,2-Б,10-А,11-Б,8-В,4-А,7-В,3-В,1-А,9-А,11-В
year,5-Б,3-Б,8-А,2-Г,7-Б,1-Б,3-Г,3-А,2-В,6-Б,6-А,8-Б,8-Г,11-А,2-А,7-А,5-А,2-Б,10-А,11-Б,8-В,4-А,7-В,3-В,1-А,9-А,11-В
year,5-Б,3-Б,8-А,2-Г,7-Б,1-Б,3-Г,3-А,2-В,6-Б,6-А,8-Б,8-Г,11-А,2-А,7-А,5-А,2-Б,10-А,11-Б,8-В,4-А,7-В,3-В,1-А,9-А,11-В
year,5-Б,3-Б,8-А,2-Г,7-Б,1-Б,3-Г,3-А,2-В,6-Б,6-А,8-Б,8-Г,11-А,2-А,7-А,5-А,2-Б,10-А,11-Б,8-В,4-А,7-В,3-В,1-А,9-А,11-В
year,5-Б,3-Б,8-А,2-Г,7-Б,1-Б,3-Г,3-А,2-В,6-Б,6-А,8-Б,8-Г,11-А,2-А,7-А,5-А,2-Б,10-А,11-Б,8-В,4-А,7-В,3-В,1-А,9-А,11-В
year,5-Б,3-Б,8-А,2-Г,7-Б,1-Б,3-Г,3-А,2-В,6-Б,6-А,8-Б,8-Г,11-А,2-А,7-А,5-А,2-Б,10-А,11-Б,8-В,4-А,7-В,3-В,1-А,9-А,11-В
year,5-Б,3-Б,8-А,2-Г,7-Б,1-Б,3-Г,3-А,2-В,6-Б,6-А,8-Б,8-Г,11-А,2-А,7-А,5-А,2-Б,10-А,11-Б,8-В,4-А,7-В,3-В,1-А,9-А,11-В
year,5-Б,3-Б,8-А,2-Г,7-Б,1-Б,3-Г,3-А,2-В,6-Б,6-А,8-Б,8-Г,11-А,2-А,7-А,5-А,2-Б,10-А,11-Б,8-В,4-А,7-В,3-В,1-А,9-А,11-В
year,5-Б,3-Б,8-А,2-Г,7-Б,1-Б,3-Г,3-А,2-В,6-Б,6-А,8-Б,8-Г,11-А,2-А,7-А,5-А,2-Б,10-А,11-Б,8-В,4-А,7-В,3-В,1-А,9-А,11-В
year,5-Б,3-Б,8-А,2-Г,7-Б,1-Б,3-Г,3-А,2-В,6-Б,6-А,8-Б,8-Г,11-А,2-А,7-А,5-А,2-Б,10-А,11-Б,8-В,4-А,7-В,3-В,1-А,9-А,11-В
year,5-Б,3-Б,8-А,2-Г,7-Б,1-Б,3-Г,3-А,2-В,6-Б,6-А,8-Б,8-Г,11-А,2-А,7-А,5-А,2-Б,10-А,11-Б,8-В,4-А,7-В,3-В,1-А,9-А,11-В
year,5-Б,3-Б,8-А,2-Г,7-Б,1-Б,3-Г,3-А,2-В,6-Б,6-А,8-Б,8-Г,11-А,2-А,7-А,5-А,2-Б,10-А,11-Б,8-В,4-А,7-В,3-В,1-А,9-А,11-В
year,5-Б,3-Б,8-А,2-Г,7-Б,1-Б,3-Г,3-А,2-В,6-Б,6-А,8-Б,8-Г,11-А,2-А,7-А,5-А,2-Б,10-А,11-Б,8-В,4-А,7-В,3-В,1-А,9-А,11-В
year,5-Б,3-Б,8-А,2-Г,7-Б,1-Б,3-Г,3-А,2-В,6-Б,6-А,8-Б,8-Г,11-А,2-А,7-А,5-А,2-Б,10-А,11-Б,8-В,4-А,7-В,3-В,1-А,9-А,11-В
year,5-Б,3-Б,8-А,2-Г,7-Б,1-Б,3-Г,3-А,2-В,6-Б,6-А,8-Б,8-Г,11-А,2-А,7-А,5-А,2-Б,10-А,11-Б,8-В,4-А,7-В,3-В,1-А,9-А,11-В
year,5-Б,3-Б,8-А,2-Г,7-Б,1-Б,3-Г,3-А,2-В,6-Б,6-А,8-Б,8-Г,11-А,2-А,7-А,5-А,2-Б,10-А,11-Б,8-В,4-А,7-В,3-В,1-А,9-А,11-В
year,5-Б,3-Б,8-А,2-Г,7-Б,1-Б,3-Г,3-А,2-В,6-Б,6-А,8-Б,8-Г,11-А,2-А,7-А,5-А,2-Б,10-А,11-Б,8-В,4-А,7-В,3-В,1-А,9-А,11-В
year,5-Б,3-Б,8-А,2-Г,7-Б,1-Б,3-Г,3-А,2-В,6-Б,6-А,8-Б,8-Г,11-А,2-А,7-А,5-А,2-Б,10-А,11-Б,8-В,4-А,7-В,3-В,1-А,9-А,11-В
year,5-Б,3-Б,8-А,2-Г,7-Б,1-Б,3-Г,3-А,2-В,6-Б,6-А,8-Б,8-Г,11-А,2-А,7-А,5-А,2-Б,10-А,11-Б,8-В,4-А,7-В,3-В,1-А,9-А,11-В
year,5-Б,3-Б,8-А,2-Г,7-Б,1-Б,3-Г,3-А,2-В,6-Б,6-А,8-Б,8-Г,11-А,2-А,7-А,5-А,2-Б,10-А,11-Б,8-В,4-А,7-В,3-В,1-А,9-А,11-В
year,5-Б,3-Б,8-А,2-Г,7-Б,1-Б,3-Г,3-А,2-В,6-Б,6-А,8-Б,8-Г,11-А,2-А,7-А,5-А,2-Б,10-А,11-Б,8-В,4-А,7-В,3-В,1-А,9-А,11-В
year,5-Б,3-Б,8-А,2-Г,7-Б,1-Б,3-Г,3-А,2-В,6-Б,6-А,8-Б,8-Г,11-А,2-А,7-А,5-А,2-Б,10-А,11-Б,8-В,4-А,7-В,3-В,1-А,9-А,11-В
year,5-Б,3-Б,8-А,2-Г,7-Б,1-Б,3-Г,3-А,2-В,6-Б,6-А,8-Б,8-Г,11-А,2-А,7-А,5-А,2-Б,10-А,11-Б,8-В,4-А,7-В,3-В,1-А,9-А,11-В
year,5-Б,3-Б,8-А,2-Г,7-Б,1-Б,3-Г,3-А,2-В,6-Б,6-А,8-Б,8-Г,11-А,2-А,7-А,5-А,2-Б,10-А,11-Б,8-В,4-А,7-В,3-В,1-А,9-А,11-В
year,5-Б,3-Б,8-А,2-Г,7-Б,1-Б,3-Г,3-А,2-В,6-Б,6-А,8-Б,8-Г,11-А,2-А,7-А,5-А,2-Б,10-А,11-Б,8-В,4-А,7-В,3-В,1-А,9-А,11-В
year,5-Б,3-Б,8-А,2-Г,7-Б,1-Б,3-Г,3-А,2-В,6-Б,6-А,8-Б,8-Г,11-А,2-А,7-А,5-А,2-Б,10-А,11-Б,8-В,4-А,7-В,3-В,1-А,9-А,11-В
year,5-Б,3-Б,8-А,2-Г,7-Б,1-Б,3-Г,3-А,2-В,6-Б,6-А,8-Б,8-Г,11-А,2-А,7-А,5-А,2-Б,10-А,11-Б,8-В,4-А,7-В,3-В,1-А,9-А,11-В
year,5-Б,3-Б,8-А,2-Г,7-Б,1-Б,3-Г,3-А,2-В,6-Б,6-А,8-Б,8-Г,11-А,2-А,7-А,5-А,2-Б,10-А,11-Б,8-В,4-А,7-В,3-В,1-А,9-А,11-В
year,5-Б,3-Б,8-А,2-Г,7-Б,1-Б,3-Г,3-А,2-В,6-Б,6-А,8-Б,8-Г,11-А,2-А,7-А,5-А,2-Б,10-А,11-Б,8-В,4-А,7-В,3-В,1-А,9-А,11-В
year,5-Б,3-Б,8-А,2-Г,7-Б,1-Б,3-Г,3-А,2-В,6-Б,6-А,8-Б,8-Г,11-А,2-А,7-А,5-А,2-Б,10-А,11-Б,8-В,4-А,7-В,3-В,1-А,9-А,11-В
year,5-Б,3-Б,8-А,2-Г,7-Б,1-Б,3-Г,3-А,2-В,6-Б,6-А,8-Б,8-Г,11-А,2-А,7-А,5-А,2-Б,10-А,11-Б,8-В,4-А,7-В,3-В,1-А,9-А,11-В
year,5-Б,3-Б,8-А,2-Г,7-Б,1-Б,3-Г,3-А,2-В,6-Б,6-А,8-Б,8-Г,11-А,2-А,7-А,5-А,2-Б,10-А,11-Б,8-В,4-А,7-В,3-В,1-А,9-А,11-В
year,5-Б,3-Б,8-А,2-Г,7-Б,1-Б,3-Г,3-А,2-В,6-Б,6-А,8-Б,8-Г,11-А,2-А,7-А,5-А,2-Б,10-А,11-Б,8-В,4-А,7-В,3-В,1-А,9-А,11-В
year,5-Б,3-Б,8-А,2-Г,7-Б,1-Б,3-Г,3-А,2-В,6-Б,6-А,8-Б,8-Г,11-А,2-А,7-А,5-А,2-Б,10-А,11-Б,8-В,4-А,7-В,3-В,1-А,9-А,11-В
year,5-Б,3-Б,8-А,2-Г,7-Б,1-Б,3-Г,3-А,2-В,6-Б,6-А,8-Б,8-Г,11-А,2-А,7-А,5-А,2-Б,10-А,11-Б,8-В,4-А,7-В,3-В,1-А,9-А,11-В
year,5-Б,3-Б,8-А,2-Г,7-Б,1-Б,3-Г,3-А,2-В,6-Б,6-А,8-Б,8-Г,11-А,2-А,7-А,5-А,2-Б,10-А,11-Б,8-В,4-А,7-В,3-В,1-А,9-А,11-В
year,5-Б,3-Б,8-А,2-Г,7-Б,1-Б,3-Г,3-А,2-В,6-Б,6-А,8-Б,8-Г,11-А,2-А,7-А,5-А,2-Б,10-А,11-Б,8-В,4-А,7-В,3-В,1-А,9-А,11-В
year,5-Б,3-Б,8-А,2-Г,7-Б,1-Б,3-Г,3-А,2-В,6-Б,6-А,8-Б,8-Г,11-А,2-А,7-А,5-А,2-Б,10-А,11-Б,8-В,4-А,7-В,3-В,1-А,9-А,11-В
year,5-Б,3-Б,8-А,2-Г,7-Б,1-Б,3-Г,3-А,2-В,6-Б,6-А,8-Б,8-Г,11-А,2-А,7-А,5-А,2-Б,10-А,11-Б,8-В,4-А,7-В,3-В,1-А,9-А,11-В
year,5-Б,3-Б,8-А,2-Г,7-Б,1-Б,3-Г,3-А,2-В,6-Б,6-А,8-Б,8-Г,11-А,2-А,7-А,5-А,2-Б,10-А,11-Б,8-В,4-А,7-В,3-В,1-А,9-А,11-В
year,5-Б,3-Б,8-А,2-Г,7-Б,1-Б,3-Г,3-А,2-В,6-Б,6-А,8-Б,8-Г,11-А,2-А,7-А,5-А,2-Б,10-А,11-Б,8-В,4-А,7-В,3-В,1-А,9-А,11-В
year,5-Б,3-Б,8-А,2-Г,7-Б,1-Б,3-Г,3-А,2-В,6-Б,6-А,8-Б,8-Г,11-А,2-А,7-А,5-А,2-Б,10-А,11-Б,8-В,4-А,7-В,3-В,1-А,9-А,11-В
year,5-Б,3-Б,8-А,2-Г,7-Б,1-Б,3-Г,3-А,2-В,6-Б,6-А,8-Б,8-Г,11-А,2-А,7-А,5-А,2-Б,10-А,11-Б,8-В,4-А,7-В,3-В,1-А,9-А,11-В
year,5-Б,3-Б,8-А,2-Г,7-Б,1-Б,3-Г,3-А,2-В,6-Б,6-А,8-Б,8-Г,11-А,2-А,7-А,5-А,2-Б,10-А,11-Б,8-В,4-А,7-В,3-В,1-А,9-А,11-В
year,5-Б,3-Б,8-А,2-Г,7-Б,1-Б,3-Г,3-А,2-В,6-Б,6-А,8-Б,8-Г,11-А,2-А,7-А,5-А,2-Б,10-А,11-Б,8-В,4-А,7-В,3-В,1-А,9-А,11-В
year,5-Б,3-Б,8-А,2-Г,7-Б,1-Б,3-Г,3-А,2-В,6-Б,6-А,8-Б,8-Г,11-А,2-А,7-А,5-А,2-Б,10-А,11-Б,8-В,4-А,7-В,3-В,1-А,9-А,11-В
year,5-Б,3-Б,8-А,2-Г,7-Б,1-Б,3-Г,3-А,2-В,6-Б,6-А,8-Б,8-Г,11-А,2-А,7-А,5-А,2-Б,10-А,11-Б,8-В,4-А,7-В,3-В,1-А,9-А,11-В
year,5-Б,3-Б,8-А,2-Г,7-Б,1-Б,3-Г,3-А,2-В,6-Б,6-А,8-Б,8-Г,11-А,2-А,7-А,5-А,2-Б,10-А,11-Б,8-В,4-А,7-В,3-В,1-А,9-А,11-В
year,5-Б,3-Б,8-А,2-Г,7-Б,1-Б,3-Г,3-А,2-В,6-Б,6-А,8-Б,8-Г,11-А,2-А,7-А,5-А,2-Б,10-А,11-Б,8-В,4-А,7-В,3-В,1-А,9-А,11-В
year,5-Б,3-Б,8-А,2-Г,7-Б,1-Б,3-Г,3-А,2-В,6-Б,6-А,8-Б,8-Г,11-А,2-А,7-А,5-А,2-Б,10-А,11-Б,8-В,4-А,7-В,3-В,1-А,9-А,11-В
year,5-Б,3-Б,8-А,2-Г,7-Б,1-Б,3-Г,3-А,2-В,6-Б,6-А,8-Б,8-Г,11-А,2-А,7-А,5-А,2-Б,10-А,11-Б,8-В,4-А,7-В,3-В,1-А,9-А,11-В
year,5-Б,3-Б,8-А,2-Г,7-Б,1-Б,3-Г,3-А,2-В,6-Б,6-А,8-Б,8-Г,11-А,2-А,7-А,5-А,2-Б,10-А,11-Б,8-В,4-А,7-В,3-В,1-А,9-А,11-В
year,5-Б,3-Б,8-А,2-Г,7-Б,1-Б,3-Г,3-А,2-В,6-Б,6-А,8-Б,8-Г,11-А,2-А,7-А,5-А,2-Б,10-А,11-Б,8-В,4-А,7-В,3-В,1-А,9-А,11-В
year,5-Б,3-Б,8-А,2-Г,7-Б,1-Б,3-Г,3-А,2-В,6-Б,6-А,8-Б,8-Г,11-А,2-А,7-А,5-А,2-Б,10-А,11-Б,8-В,4-А,7-В,3-В,1-А,9-А,11-В
year,5-Б,3-Б,8-А,2-Г,7-Б,1-Б,3-Г,3-А,2-В,6-Б,6-А,8-Б,8-Г,11-А,2-А,7-А,5-А,2-Б,10-А,11-Б,8-В,4-А,7-В,3-В,1-А,9-А,11-В
year,5-Б,3-Б,8-А,2-Г,7-Б,1-Б,3-Г,3-А,2-В,6-Б,6-А,8-Б,8-Г,11-А,2-А,7-А,5-А,2-Б,10-А,11-Б,8-В,4-А,7-В,3-В,1-А,9-А,11-В
year,5-Б,3-Б,8-А,2-Г,7-Б,1-Б,3-Г,3-А,2-В,6-Б,6-А,8-Б,8-Г,11-А,2-А,7-А,5-А,2-Б,10-А,11-Б,8-В,4-А,7-В,3-В,1-А,9-А,11-В
year,5-Б,3-Б,8-А,2-Г,7-Б,1-Б,3-Г,3-А,2-В,6-Б,6-А,8-Б,8-Г,11-А,2-А,7-А,5-А,2-Б,10-А,11-Б,8-В,4-А,7-В,3-В,1-А,9-А,11-В
year,5-Б,3-Б,8-А,2-Г,7-Б,1-Б,3-Г,3-А,2-В,6-Б,6-А,8-Б,8-Г,11-А,2-А,7-А,5-А,2-Б,10-А,11-Б,8-В,4-А,7-В,3-В,1-А,9-А,11-В
year,5-Б,3-Б,8-А,2-Г,7-Б,1-Б,3-Г,3-А,2-В,6-Б,6-А,8-Б,8-Г,11-А,2-А,7-А,5-А,2-Б,10-А,11-Б,8-В,4-А,7-В,3-В,1-А,9-А,11-В
year,5-Б,3-Б,8-А,2-Г,7-Б,1-Б,3-Г,3-А,2-В,6-Б,6-А,8-Б,8-Г,11-А,2-А,7-А,5-А,2-Б,10-А,11-Б,8-В,4-А,7-В,3-В,1-А,9-А,11-В
year,5-Б,3-Б,8-А,2-Г,7-Б,1-Б,3-Г,3-А,2-В,6-Б,6-А,8-Б,8-Г,11-А,2-А,7-А,5-А,2-Б,10-А,11-Б,8-В,4-А,7-В,3-В,1-А,9-А,11-В
year,5-Б,3-Б,8-А,2-Г,7-Б,1-Б,3-Г,3-А,2-В,6-Б,6-А,8-Б,8-Г,11-А,2-А,7-А,5-А,2-Б,10-А,11-Б,8-В,4-А,7-В,3-В,1-А,9-А,11-В
year,5-Б,3-Б,8-А,2-Г,7-Б,1-Б,3-Г,3-А,2-В,6-Б,6-А,8-Б,8-Г,11-А,2-А,7-А,5-А,2-Б,10-А,11-Б,8-В,4-А,7-В,3-В,1-А,9-А,11-В
year,5-Б,3-Б,8-А,2-Г,7-Б,1-Б,3-Г,3-А,2-В,6-Б,6-А,8-Б,8-Г,11-А,2-А,7-А,5-А,2-Б,10-А,11-Б,8-В,4-А,7-В,3-В,1-А,9-А,11-В
year,5-Б,3-Б,8-А,2-Г,7-Б,1-Б,3-Г,3-А,2-В,6-Б,6-А,8-Б,8-Г,11-А,2-А,7-А,5-А,2-Б,10-А,11-Б,8-В,4-А,7-В,3-В,1-А,9-А,11-В
year,5-Б,3-Б,8-А,2-Г,7-Б,1-Б,3-Г,3-А,2-В,6-Б,6-А,8-Б,8-Г,11-А,2-А,7-А,5-А,2-Б,10-А,11-Б,8-В,4-А,7-В,3-В,1-А,9-А,11-В
year,5-Б,3-Б,8-А,2-Г,7-Б,1-Б,3-Г,3-А,2-В,6-Б,6-А,8-Б,8-Г,11-А,2-А,7-А,5-А,2-Б,10-А,11-Б,8-В,4-А,7-В,3-В,1-А,9-А,11-В
year,5-Б,3-Б,8-А,2-Г,7-Б,1-Б,3-Г,3-А,2-В,6-Б,6-А,8-Б,8-Г,11-А,2-А,7-А,5-А,2-Б,10-А,11-Б,8-В,4-А,7-В,3-В,1-А,9-А,11-В
year,5-Б,3-Б,8-А,2-Г,7-Б,1-Б,3-Г,3-А,2-В,6-Б,6-А,8-Б,8-Г,11-А,2-А,7-А,5-А,2-Б,10-А,11-Б,8-В,4-А,7-В,3-В,1-А,9-А,11-В
year,5-Б,3-Б,8-А,2-Г,7-Б,1-Б,3-Г,3-А,2-В,6-Б,6-А,8-Б,8-Г,11-А,2-А,7-А,5-А,2-Б,10-А,11-Б,8-В,4-А,7-В,3-В,1-А,9-А,11-В
year,5-Б,3-Б,8-А,2-Г,7-Б,1-Б,3-Г,3-А,2-В,6-Б,6-А,8-Б,8-Г,11-А,2-А,7-А,5-А,2-Б,10-А,11-Б,8-В,4-А,7-В,3-В,1-А,9-А,11-В
year,5-Б,3-Б,8-А,2-Г,7-Б,1-Б,3-Г,3-А,2-В,6-Б,6-А,8-Б,8-Г,11-А,2-А,7-А,5-А,2-Б,10-А,11-Б,8-В,4-А,7-В,3-В,1-А,9-А,11-В
year,5-Б,3-Б,8-А,2-Г,7-Б,1-Б,3-Г,3-А,2-В,6-Б,6-А,8-Б,8-Г,11-А,2-А,7-А,5-А,2-Б,10-А,11-Б,8-В,4-А,7-В,3-В,1-А,9-А,11-В
year,5-Б,3-Б,8-А,2-Г,7-Б,1-Б,3-Г,3-А,2-В,6-Б,6-А,8-Б,8-Г,11-А,2-А,7-А,5-А,2-Б,10-А,11-Б,8-В,4-А,7-В,3-В,1-А,9-А,11-В
year,5-Б,3-Б,8-А,2-Г,7-Б,1-Б,3-Г,3-А,2-В,6-Б,6-А,8-Б,8-Г,11-А,2-А,7-А,5-А,2-Б,10-А,11-Б,8-В,4-А,7-В,3-В,1-А,9-А,11-В
year,5-Б,3-Б,8-А,2-Г,7-Б,1-Б,3-Г,3-А,2-В,6-Б,6-А,8-Б,8-Г,11-А,2-А,7-А,5-А,2-Б,10-А,11-Б,8-В,4-А,7-В,3-В,1-А,9-А,11-В
year,5-Б,3-Б,8-А,2-Г,7-Б,1-Б,3-Г,3-А,2-В,6-Б,6-А,8-Б,8-Г,11-А,2-А,7-А,5-А,2-Б,10-А,11-Б,8-В,4-А,7-В,3-В,1-А,9-А,11-В
year,5-Б,3-Б,8-А,2-Г,7-Б,1-Б,3-Г,3-А,2-В,6-Б,6-А,8-Б,8-Г,11-А,2-А,7-А,5-А,2-Б,10-А,11-Б,8-В,4-А,7-В,3-В,1-А,9-А,11-В
year,5-Б,3-Б,8-А,2-Г,7-Б,1-Б,3-Г,3-А,2-В,6-Б,6-А,8-Б,8-Г,11-А,2-А,7-А,5-А,2-Б,10-А,11-Б,8-В,4-А,7-В,3-В,1-А,9-А,11-В
